Timestamp,IITK01,IITK02,IITK03,IITK04,IITK06,IITK07,IITK08,IITK10,IITK11,IITK12,IITK13,IITK14,IITK15,IITK17,IITK18,IITK19,IITK20,IITK21,IITK22,IITK23,IITK24,IITK25
11-01-2022 00:00,,147,165.5,217.25,88,145,127.75,108,204,,158.75,,152.25,162.5,152.75,108.5,105.75,163.25,142.25,172.5,,
11-01-2022 01:00,,129.25,150.25,201.5,87.5,131,112.25,86,181.75,,104.5,,121,155.25,146,109,93.25,159.25,136.6666667,155.5,96.75,
11-01-2022 02:00,,113,167.75,160.75,85.75,118.75,99,89,173.5,,109.25,,105.75,166.75,137.5,110.25,93.75,154.5,108.25,133.25,91,
11-01-2022 03:00,,95.25,169,134.25,86,115,118.25,86.25,172.5,,111.25,,108.5,161.25,130.5,111,84,149,112.5,125.25,99.75,
11-01-2022 04:00,,83,174.5,116,82,120.75,107.5,83.75,140,,127.75,,110.25,162.25,125,116,81.5,151.75,106.5,126.5,,
11-01-2022 05:00,,87.5,160,106.5,76.5,128.5,96.5,81.5,131.5,,103.25,,98.25,153.5,118,111.25,84,147.75,101.5,126.5,95,
11-01-2022 06:00,,,124.75,125.75,71,132.25,96.25,87.25,124,,110.5,,107.25,132.75,122.75,,88,156.5,100.25,141.75,88,
11-01-2022 07:00,,105.5,117.75,123,81.66666667,164.75,107.25,98.75,140.25,,112.25,,114.75,134.25,119.25,,99.75,174,114.5,153.75,105.3333333,
11-01-2022 08:00,,99.33333333,104.3333333,108.75,98,141.25,99.25,96.75,124,,91.75,,98,117.25,106.5,,95.25,162,95.25,138.25,138.25,
11-01-2022 09:00,,85,90.5,94.33333333,81.5,135.25,80,93.5,98,,75.25,,97,92.25,84.25,,85.5,125,83.25,121.75,111.5,
11-01-2022 10:00,,63.5,74.5,72,67.25,111.25,72,71.75,89,,67.5,,83.25,84.75,78,72,67,101.3333333,72.5,102.5,91,
11-01-2022 11:00,,52.5,68.5,60.75,56.75,85.5,67.5,58,76,,60.75,,92.75,78.25,67,65.75,57.75,98.33333333,60.5,85.25,81.75,
11-01-2022 12:00,,40,55.25,45.75,52.75,67.75,50,37.25,55.75,,41.25,,66.25,61.25,53.75,50.5,47.25,78.25,45.75,59.75,61.75,
11-01-2022 13:00,,33.25,39.5,28.66666667,45.5,55.5,44.5,36.25,51.25,,40.5,,57.75,38,39,37,29.25,52.25,41.5,45.5,47,
11-01-2022 14:00,,33.25,37.5,34,42,53.5,43.75,37.5,46.75,,36,,50.25,47.25,36.25,37.75,36.25,52.5,35.5,45.5,38.66666667,
11-01-2022 15:00,,35,35.66666667,33.75,43.75,53.25,39.25,38.75,45.25,,35,,46.5,47,36.5,37.5,36,55,35.75,46.25,37,
11-01-2022 16:00,,41.25,44.5,36.33333333,42.75,50.75,41.25,,47.75,,39.25,,42.5,49.25,41.25,40,40.33333333,61,43.75,55.5,40,
11-01-2022 17:00,,52,56.5,43.75,48,45,51,,66,,59.5,,46.25,55.25,62.25,43.75,65.66666667,80.25,58.25,101.6666667,45.25,
11-01-2022 18:00,,57,74.25,65.25,70.25,90.25,73.25,57,86,,126.75,,54,67.5,98.25,54,104,132,100.75,88,50,
11-01-2022 19:00,,83.75,101,92.5,68.25,125.25,99,77.75,102,,158.25,,93,89,115.25,55.5,136.75,142.5,119,105.25,56,
11-01-2022 20:00,,96.5,99.75,125.75,72.75,162.75,122.5,98.25,147.75,,165,,119,112,125.25,69.75,,160,117.25,123.25,67.25,
11-01-2022 21:00,,103,124.5,174.25,93.25,181,114.75,115.5,177.5,,145,,136.25,123,121.75,82,114,146,112.75,120,65.66666667,
11-01-2022 22:00,,110.75,130.5,144.75,107.5,206.75,113,102.25,194.25,,117.75,,160.5,115.5,133.25,,97.5,124.75,116.25,144.75,66.33333333,
11-01-2022 23:00,,86.25,148,123.25,112,180,128.75,98.75,191.5,,108.5,,170,123.5,135.25,,74,149.75,103,151.25,82.5,
11-02-2022 00:00,,72,167.5,97.75,100.75,168.5,109.5,84.25,165,,89.5,,158.25,122.5,135,,70,137.25,104,127.5,77.25,
11-02-2022 01:00,,71.75,176,98,85.75,117.5,99.75,78.25,152.75,,73,,110.5,129.5,128,,82.5,126,109.25,140.75,79.75,
11-02-2022 02:00,,85,195.75,106,86.75,110.25,97.5,77.25,114.25,,61.25,,88.25,104.5,97.75,,75.75,99.25,104.25,119,84,
11-02-2022 03:00,,84.5,122.5,105.25,84,82.5,69,74.25,92.5,,54.75,,77,101.25,82,,59,87.75,68.5,74.25,84,
11-02-2022 04:00,,70.75,103.25,101,77,78.25,52.75,50.25,82.25,,55.75,,77.5,89.25,70,,56.75,78.25,57.5,72.5,75.75,
11-02-2022 05:00,,65.75,95.75,82.75,70.25,85.5,62.5,56,94,,100.75,,75.5,116,62.75,,58.5,88.5,62.75,81.75,75,
11-02-2022 06:00,,63.75,90,109.25,68.66666667,102.75,77.75,67,95,,106.5,,89,90.75,68.5,,95.75,99.25,75.75,111.6666667,74.5,
11-02-2022 07:00,,76.25,98.5,93.5,64.5,121.75,85,75.75,110.5,,77.25,,89.5,105.75,68.25,,83.5,108,,112.5,82.5,
11-02-2022 08:00,,74.5,85.25,77,82.75,106,81.75,75.5,92.25,,73.25,,76.25,93.66666667,69.25,,66,106,66.75,97.66666667,90.25,
11-02-2022 09:00,,61.75,62.75,67.25,65.25,92.75,73.75,58.25,78.25,,54.5,,69.75,80,58.5,,50.25,86.5,57.75,84.75,74.5,
11-02-2022 10:00,,51.75,60,48.75,46.25,76,60.25,48.75,66.5,,51,,57.75,68,54.75,,,74.75,50.25,71,55,
11-02-2022 11:00,,38.5,42.5,39.75,38.25,56.25,43.75,40.5,50.66666667,,37.75,,52.25,53.75,40,,45,63.75,39,47.75,44.5,
11-02-2022 12:00,,33.75,40.5,37.25,39,52.25,39.25,37.5,45.5,,37.5,,49,46.5,37.5,38.25,43,52.5,35.5,49.33333333,49.25,
11-02-2022 13:00,,40,47,43.25,44.5,61.75,46,48.33333333,55.25,,41,,59,50.5,41.25,41.75,45.66666667,59.25,41.25,62.66666667,62.5,
11-02-2022 14:00,,,55,47.75,52,71.75,53.5,46.75,62.75,,50.66666667,,63.75,62.25,51.5,52,48.66666667,72.25,48.5,76,71.5,
11-02-2022 15:00,,47.25,53.25,51,53.75,72.75,57.25,49.25,65.75,,57,,61.5,69.5,56.25,55.5,49.25,77.5,50.5,76.5,72.75,
11-02-2022 16:00,,52,55.75,53.75,55.25,66.5,57.75,56.25,74,,69.5,,67,74,60.25,56.25,56.66666667,97.25,58.5,78.5,73,
11-02-2022 17:00,,59.75,122,57.75,57.5,65.75,73,86.25,86.25,,68,,70.75,87.25,77.75,64,90.5,133.75,87.75,89.25,77.25,
11-02-2022 18:00,,88.75,117.25,80.75,61.5,105,92,96,100.5,,112.25,,83.75,102.5,135.25,75,101.5,186.75,144.75,114.75,82.75,
11-02-2022 19:00,,105.5,128.75,107,68.5,118.75,104.75,93.25,127,,139.75,,96.75,120,117.5,109.5,137.5,181.25,132.75,119.25,90.75,
11-02-2022 20:00,,106.25,143,116.5,76.25,122.75,107.25,107.25,139.25,,106.25,,109.25,132.75,109.5,103.3333333,116.5,154,120.5,129.25,101.5,
11-02-2022 21:00,,98.75,126.25,118.25,78,126.5,110.75,99.25,127.75,,104.5,,113.75,138.25,110,103.75,103,136.75,114,116.75,110.5,
11-02-2022 22:00,,93,113.75,118.75,86.5,96.75,89.75,92,130.5,,78,,98.5,120.25,114.25,94.25,98,124.75,88.75,112,113.25,
11-02-2022 23:00,,88.25,117.25,104.25,81.75,96.5,84.5,88.5,111,,74.75,,102.25,104.25,98.75,85.5,98.5,111.5,87,121,111.75,
11-03-2022 00:00,,90.75,116,104.75,84,105.5,83.25,80.25,114.25,,83,,96.5,105.5,95.5,82.66666667,82.5,118.75,87,123.25,114.75,
11-03-2022 01:00,,91.75,133.25,107.25,83.25,111.75,87.5,80.75,111.5,,81.75,,99.5,101,98.75,82,82.5,115.25,89.25,129,112.75,
11-03-2022 02:00,,87.25,120.5,108.75,85,117.25,96.25,75,109.5,,88.25,,102,107.25,97,83.5,80.5,123.5,89.75,126.6666667,104.75,
11-03-2022 03:00,,93,121.5,117,86.5,99,94.66666667,80,109.25,,102.5,,97,114.25,94,85,80.5,132.75,89.25,122,99.75,
11-03-2022 04:00,,99.5,115,110.25,82.5,117.75,104.25,99.5,127,,95.25,,98,130.75,94.5,87.75,83.5,142.5,94.75,120.5,102.75,
11-03-2022 05:00,,108.75,149.25,120.75,78.5,145.5,122.25,105.25,140.25,,109.75,,118.75,153.25,102,101.25,85.75,162,104.5,124.5,107.5,
11-03-2022 06:00,,115.25,138.25,134.75,78,175.5,157,122.75,160,,127.25,,139.75,164,115.5,125.3333333,99.25,180.5,154.75,138.5,117.5,
11-03-2022 07:00,,129.75,150.5,149,93.33333333,184,150.75,144.75,201.5,,169.75,,142.75,176.5,127,123,102.5,198.75,140.75,141.75,118.75,
11-03-2022 08:00,,139.25,154,150.75,113.25,197.5,162.25,142.5,191,,131,,,185.75,,145.5,109.5,214.5,137.5,160.25,143,
11-03-2022 09:00,,146.5,152,146.5,130,194.75,148.25,142.25,156,,126.75,,,153.25,,140,116.25,225.25,149.75,168.75,160,
11-03-2022 10:00,,116.25,127,125.5,125.5,160.75,118,120.5,123.25,,119.25,,,133.75,,111.3333333,116.25,,110.25,151.5,149,
11-03-2022 11:00,,103.5,113,110.5,116,153.5,114.6666667,113,123.5,,122.25,,,131,,106.25,95,181,,143.75,144.3333333,
11-03-2022 12:00,,99.5,110.75,104.25,106.75,138.25,104.25,108.75,122.5,,99,,,121.5,,105.25,,166.25,100.5,131.5,129.5,
11-03-2022 13:00,,89.5,102.75,97.75,100,125.6666667,95.5,91,110.5,,93.66666667,,,119,,98,,139.5,89.75,124.5,124,
11-03-2022 14:00,,84.75,90.5,89.5,98.25,115,90,81,104.25,,82.5,,,101.6666667,,98.25,,126.75,84.25,108.25,112.5,
11-03-2022 15:00,,85.5,77.5,83.25,105.5,105.25,86,79.5,98.75,,75.75,,,102,,94.5,,112.75,81.25,118,127.75,
11-03-2022 16:00,,97,95.25,89.5,108.75,107,113.25,99,127.25,,88.66666667,,,121.5,,89.66666667,,142.25,103,133.25,140,
11-03-2022 17:00,,117.75,137.5,99,112.25,139.75,130.75,114,160.25,,121.5,,,141.25,,103.25,,187.75,187.75,154.75,137.75,
11-03-2022 18:00,,130.75,166,139.5,126,221,169.25,129.5,177.25,,260.5,,,226.25,,125.75,,196.5,168.5,190.25,143.75,
11-03-2022 19:00,,166.5,200,185,145.25,214.5,202.75,143,192.5,,298.75,,,188.25,,145.25,,195,192.75,208.75,146.5,
11-03-2022 20:00,,174,222.75,212,161,244.25,206.5,157.25,225.5,,224.5,,,223.5,,160.25,,216,204,235,167,
11-03-2022 21:00,,172.3333333,224.5,246.5,164,299,205,166,241.75,,219.25,,,226.25,,176.25,,233,235.25,253.5,184.75,
11-03-2022 22:00,,168.75,238.75,233,169.25,280.5,230.5,177.25,245.5,,218.5,,,263.5,,159.75,,246,227.25,258,174,
11-03-2022 23:00,,165,237.25,208.25,174.5,235,226.25,182.75,237.25,,217.5,,,248.5,,167.5,,224.5,226.75,284.5,177.5,
11-04-2022 00:00,,182.25,224.75,213.25,183,234,232.5,192.75,232.75,,209.75,,,246.25,,167.25,,243.25,240.25,293,175.5,
11-04-2022 01:00,,181,225.5,228.25,184.25,233.75,221,198.25,236.25,,203.25,,,251.25,,167.25,,269.5,239.25,288.25,180,
11-04-2022 02:00,,199,234,240,178,241.25,208.5,204.25,243,,209.5,,,257.75,,185.25,,282.5,235.5,273.5,175.75,
11-04-2022 03:00,,188.5,228,236.75,175.25,233.5,195.25,193.5,241,,219,,,263,,193.75,,274.5,218.25,246.25,179.5,
11-04-2022 04:00,,164.25,226,211,169.5,261.75,219.5,204,260,,221,,,217.5,,194.75,,296.75,207.5,288.75,166.75,
11-04-2022 05:00,,149.5,223.5,185.25,171,247.75,215,198,248.25,,224.5,,,215.25,,196.75,,287,222.75,318.75,184.25,
11-04-2022 06:00,,149.75,228,196.75,171.6666667,252,223.25,200.5,250.5,,271.6666667,,,268.5,,200,,303.25,237.5,314.25,185.25,
11-04-2022 07:00,,145.75,222,211.25,172.75,282.75,233.6666667,207,258.5,,264,,,257,,,,331.5,228.75,314.25,243,
11-04-2022 08:00,,129,231.5,179.5,173.5,302.25,232.75,214.25,239,,226.75,,,251.6666667,,212.5,,342,244,318.25,271.5,
11-04-2022 09:00,,146.5,198,172,151.25,270.75,223.25,205.5,200.25,,205.75,,,224.75,,207.75,,348.25,224.75,317.75,243,
11-04-2022 10:00,,164.5,182.5,195.25,140.25,260,201.3333333,153.25,193.5,,209.6666667,,,230.25,,195,,284.75,207,313.5,204.6666667,
11-04-2022 11:00,,123,157,160.75,148.5,230.5,174.75,185.75,191.5,,186.75,,,193.25,,188.25,,261.75,183.75,285.75,199.5,
11-04-2022 12:00,,105,139.25,128.25,149,184.75,139.25,146.5,152.25,,178.25,,,160.25,,150.25,,244,163,240.3333333,220.5,
11-04-2022 13:00,,97.5,125.25,120.5,145.75,159,124.25,119.75,,,153.75,,,151.5,,137,,220,137.5,199.25,210.75,
11-04-2022 14:00,,93.5,123.75,115.3333333,132.75,145.25,117.5,105,138.5,,136.5,,,146.25,,127,,196.5,121.25,163,196.25,
11-04-2022 15:00,,97,113.25,126.25,114,136.5,113,97.25,143,,127.75,,,147.75,,126.5,,185,115.25,155.3333333,172,
11-04-2022 16:00,,84.75,114.25,116,110,135.75,119.3333333,103.75,149.25,,137.6666667,,,125,,125.5,,173.25,135,155,160.25,
11-04-2022 17:00,,87,122.25,103,112.25,121.5,105.75,94.75,154,,159.25,,,123.25,,112.5,,161.5,136.75,155.5,170.75,
11-04-2022 18:00,,100.75,133.5,113.5,117.75,128.25,107.5,104.6666667,147.5,,176.25,,,137.5,,120.25,,167.75,139.25,156,179.25,
11-04-2022 19:00,,94.5,142.75,117,113.25,151.5,120.75,92.75,138.25,,148.25,,,139.5,,124.75,,159,199.25,160.25,,
11-04-2022 20:00,,99.25,145.75,114.25,112.5,127.5,137,106.75,155,,169,,,152.5,,128.5,,195.25,177.5,188,164.6666667,
11-04-2022 21:00,,102.25,154.5,123.5,107.5,142,138.5,137.25,175.5,,162.5,,,145.5,,135.5,,167.25,162.75,287.6666667,233.5,
11-04-2022 22:00,,113.5,154.25,136.75,104.25,142.75,120,126,160,,148.75,,,133.75,,140,,152.25,160,183.25,173.25,
11-04-2022 23:00,,125.25,146,130,103.75,138,114.5,108.25,151.5,,126.25,,,140,,135,,143.75,150.25,169,162,
11-05-2022 00:00,,,142.75,125.75,103,131,109,103.75,140,,122.75,,,131.75,,127.75,,152,144.5,155.75,161,
11-05-2022 01:00,,94,133.75,123.75,106.75,124.25,104.75,99,147.5,,117.75,,,120,,112,,147.25,135,144.5,160.25,
11-05-2022 02:00,,97,119,120.75,106.75,101.5,94.25,101,145,,114.5,,,135.75,,102.5,,155.5,111.25,137.25,148.75,
11-05-2022 03:00,,99,114.25,131.25,112.75,107.25,101.5,102.25,143,,115.25,,,148.25,,110.5,,167,110.75,142.5,143.75,
11-05-2022 04:00,,100.75,120,137.75,112.75,115,109.75,112,139,,132.75,,,150,,115.25,,175.25,115,151.75,142.5,
11-05-2022 05:00,,108.5,131.75,138,120.5,128.75,108.5,116.75,146.75,,146.75,,,150.75,,113.5,,169.5,121.5,161.25,134.5,
11-05-2022 06:00,,103.75,132.25,135.5,124.3333333,129.75,113,119.75,165.25,,146,,,153.75,,119,,175.5,124.25,164.25,117.5,
11-05-2022 07:00,,107,133,139.75,131.5,128.5,120.75,127.75,156.25,,140.5,,,143,,116.25,,168.25,129,168.25,136.25,
11-05-2022 08:00,,98.75,106.5,124.25,136.75,114,106.25,107,126.25,,119.5,,,118.75,,97.5,,152.5,112.25,420,152.75,
11-05-2022 09:00,,82.75,98.25,97.25,133.25,105.5,94,93.75,119,,111,,,113.25,,93.25,,134,96.5,128.75,126.75,
11-05-2022 10:00,,70.25,92.25,86.25,95.5,92,81.75,82.75,110.5,,100.75,,,103,,83,,121.5,87.25,106,113.75,
11-05-2022 11:00,,62.75,81,81,,83,71.5,77,95.25,,85.5,,,88.25,,73.5,,98.75,79.25,101.5,96.5,
11-05-2022 12:00,,,75,73.5,,82.75,64.5,75,90,,74.75,,,85,,71.5,,94.5,71,97,94.5,
11-05-2022 13:00,,56,74,70.25,78.33333333,82.25,62.75,69.25,87,,74.5,,,79.75,,69.5,,90,69.5,88.25,94.75,
11-05-2022 14:00,,55,68.25,69.25,75,73.75,61,63.5,84.5,,71.5,,,81.5,,70.5,,92,69.75,84,88.66666667,
11-05-2022 15:00,,53.5,60.25,64,70.5,72.25,57,59.25,79.5,,67.25,,,74.25,,64,,86.75,68,82.5,81.5,
11-05-2022 16:00,,52.5,86,61.75,76.25,66.25,57,55,72.75,,79,,,72.25,,61.5,,79,74.5,82.25,84.25,
11-05-2022 17:00,,64.33333333,120,63,71.5,132.5,76.5,61,90,,98.75,,,72.25,,64,,84.5,118.75,98.75,84.75,
11-05-2022 18:00,,67.33333333,95.75,70.5,72.25,100.5,72,67.25,120,,134.5,,,89.5,,71,,108,122.25,100.25,87.5,
11-05-2022 19:00,,67.5,88,90.25,73.5,110.5,81.5,82.25,117.25,,176.25,,,99,,92,,122.5,100.5,129.75,96.25,
11-05-2022 20:00,,81.5,117,94.75,83,119,98.75,83.75,130.75,,168.5,,,119.5,,102,,144.5,105.25,136.75,98.25,
11-05-2022 21:00,,90.25,123.75,110.75,81,142,116.75,92.5,137,,140.75,,,134.25,,,,157.5,126.5,143,109.5,
11-05-2022 22:00,,94.25,141.5,126,78.25,150.5,116.25,100.6666667,140.25,,130.25,,,137.25,,,,168.25,127.75,154.25,113.75,
11-05-2022 23:00,,101.75,140.5,129.25,76.25,141.5,115.25,101.5,140.5,,129,,,129.25,,,,171.25,130.25,164.5,110.5,
11-06-2022 00:00,,103.25,137,128.25,75.75,141.75,110,109.5,147.75,,131,,,133.75,,,,168.5,122.75,164,114.5,
11-06-2022 01:00,,110.75,133.75,137.25,76,138.5,116,105.25,141,,121.75,,,135,,,,174.25,118.75,155.75,111.75,
11-06-2022 02:00,,112.75,136,141.5,75.25,138.5,114.3333333,104.75,139,,118,,,135.25,,,,179.25,,153.25,118.25,
11-06-2022 03:00,,110.25,139.25,130,75.5,132.25,102.25,98.75,142,,109.25,,,119.5,,,,182.75,126.75,137.25,120.5,
11-06-2022 04:00,,108.75,134.25,121.5,76.25,128.5,99.5,97,150,,126.5,,,117.5,,,,184.25,118.5,134.75,116.75,
11-06-2022 05:00,,107,128.75,128.5,81.75,136.75,97.75,96.5,152.25,,209.75,,,,,,,174.25,109.25,134.75,114.5,
11-06-2022 06:00,,97.25,127.6666667,124.25,82,155.25,106.5,111.5,143.25,,145,,,140.25,,,,172.25,112.75,221.75,110.25,
11-06-2022 07:00,,93.66666667,135,117,85.33333333,167.25,110,120.5,146.5,,137,,,180,,,,161.5,121.5,210.25,120.3333333,
11-06-2022 08:00,,82.5,123.75,109.75,110,162.25,102.25,105.75,146,,125.6666667,,,125.75,,,,131.75,117,127.75,155.75,
11-06-2022 09:00,,78,105.75,101.25,117.25,143.75,95.25,97.5,129.25,,102.25,,,113.25,,,,129.25,95.5,117.25,115,
11-06-2022 10:00,,71.75,82,92.75,99.75,101.75,73,83,101,,87.75,,,112.5,,,,126.25,76.25,104,86,
11-06-2022 11:00,,62,74.5,79,83.75,86.33333333,63,66.5,85.75,,73.5,,,91.75,,,,105,66.25,86.5,75.66666667,
11-06-2022 12:00,,49.25,65.5,64.75,68.5,75,55,60.75,77,,64.75,,,77,,,,91.5,60.5,74,68.5,
11-06-2022 13:00,,42.75,57.75,56.25,59.75,76,54.25,55.25,70.5,,60.5,,,65,,,,80.66666667,59.75,69.5,68.33333333,
11-06-2022 14:00,,39,71,48.25,53.5,67,45.75,45,59.25,,54.25,,,60,,,,72,54.5,66.25,,
11-06-2022 15:00,,33.75,44.75,41.25,50.75,61.75,41.25,40.25,53,,46.5,,,50,,,,60,50.75,61.75,66.66666667,
11-06-2022 16:00,,36,45.25,37.5,55.75,53.75,39.75,33.75,46,,48,,,47.25,,,,67.5,51,59.25,64,
11-06-2022 17:00,,44.5,51.75,40.5,62,63.75,49.25,54,57.5,,85.25,,,48.5,,,,110.5,126,64,75,
11-06-2022 18:00,,71.75,75.25,62,68.25,101.5,72.25,75.5,78.5,,146.25,,,63.75,,,,186.75,111.25,116,77.5,
11-06-2022 19:00,,86.75,94.5,93,83.25,152,97.5,89.75,108,,269,,,80,,,,127.75,104.75,113.75,87.25,
11-06-2022 20:00,,103.5,119,114,85,167.5,130.75,96.25,130,,213.75,,,105.75,,,,150.75,122.5,133,88.25,
11-06-2022 21:00,,97.25,149.75,106.25,80.5,142,107.5,106.5,132.25,,145,,,140,,,,183.25,87.25,154,99.75,
11-06-2022 22:00,,89.25,110.75,105.5,74.25,102.25,79.75,86,137.25,,137.5,,,136.75,,,,174.75,77.5,120,103.25,
11-06-2022 23:00,,93.25,106.25,119.75,71.75,88.5,73,80.25,117.5,,113,,,146,,,,138.75,75.5,102.5,105,
11-07-2022 00:00,,78.75,94,105.25,71.5,105.5,67.5,72.25,111.25,,89,,,120.25,,,,120.5,83.25,89.25,,
11-07-2022 01:00,,66.5,84.25,84,77.5,97,57.5,64,94.25,,71,,,98,,,,96.5,85.33333333,84,99.25,
11-07-2022 02:00,,62.5,79.5,76.5,83.5,100,59,57.75,88.75,,84.5,,,94.25,,,,86.5,79.66666667,80.75,97.75,
11-07-2022 03:00,,59.75,77.75,73.25,83.75,104,61,56.75,82.5,,77.5,,,83.75,,,,84.75,72,83,91,
11-07-2022 04:00,,65.5,77.5,74.5,87.5,92.25,65,58.5,78.5,,87,,,84,,,,87.5,68.5,87.75,91.5,
11-07-2022 05:00,,68,76.75,76.5,94,103.75,66.5,74.25,81.75,,93.5,,,87.75,,,,91,69.75,96.25,84.75,
11-07-2022 06:00,,78.5,78.75,80.75,95,162,69.5,73.25,88.75,,83.75,,82.75,106.75,82.25,,74.25,104.75,75,97,85.25,
11-07-2022 07:00,,89.25,86.5,99.25,78.33333333,122.25,82.25,81.25,102.25,,82,,86.5,100,87.5,,80.66666667,121,80.25,99.25,96,
11-07-2022 08:00,,85,85.66666667,88,79.25,95.75,82.25,83,96,,75,,82.25,90.33333333,75.75,,77.25,104.25,76.75,103,105,
11-07-2022 09:00,,71.25,79,81.5,72.75,89,68,75,83.5,,62.25,,81.75,80.75,66.75,,69.5,87,65,89,86,
11-07-2022 10:00,,59.5,66.25,73.5,64.5,78.5,56,67.75,73.5,,57.25,,75.5,74.25,61.5,,67,75.5,56.75,72.5,69.75,
11-07-2022 11:00,,43.5,53.25,59.75,58.5,71,48,51,57.75,,49.5,,85.25,59.5,50.25,49.66666667,56,63.5,46.25,60.75,60.5,
11-07-2022 12:00,,35.75,44,44,50,57.25,41,43.75,51.25,,43.75,,65,48.25,44.5,42.75,44.5,54.75,42.5,53.25,54,
11-07-2022 13:00,,36,37.75,43,45,55.5,38.25,41.25,51.75,,42.5,,49.5,48.75,41,40,42.5,52.5,42.25,49.75,57,
11-07-2022 14:00,,38.5,38.5,41.25,43.25,52.75,37,38.75,51.75,,40.5,,53,49,39.75,38.5,39.75,52.25,43.25,51.5,56.5,
11-07-2022 15:00,,37.75,38.5,44,43,52,36.5,40.5,53.75,,41,,61.25,48,42.5,40.25,47.25,57.25,42.75,55.25,59,
11-07-2022 16:00,,38.25,40.75,45.5,41.75,51.25,37.25,47.5,56.25,,44.25,,46.5,50.25,55,41.5,48.75,56.75,52.5,56,58.66666667,
11-07-2022 17:00,,50.75,54,47,43.75,55,52.5,55,68.5,,57.5,,45.25,63.75,106.25,63,72.33333333,124,69,63.5,58.75,
11-07-2022 18:00,,64.5,76.75,64.5,44.25,99.5,69,63,89.75,,92.75,,58.25,95.75,83,71.75,80.5,195.25,99.5,76.75,67,
11-07-2022 19:00,,72.25,113.75,86.5,48.25,111.75,72.5,84,107.75,,196.25,,68.75,107.5,85,84.75,89.25,145.5,111.25,102,71.25,
11-07-2022 20:00,,80.25,118.5,88,58.25,103.75,83,73.75,115.75,,152,,67.5,114.75,88.5,64.75,93.75,169.75,97.25,114.75,69.33333333,
11-07-2022 21:00,,78,115.75,106.5,59,94.25,80.25,73.5,138.25,,111.5,,78.25,110.75,83,79.75,87.75,131.5,88,98.75,82,
11-07-2022 22:00,,83,114,117,61.75,98.25,74.66666667,79.25,119,,81.25,,80.5,109.25,85.25,89,86.25,118.25,79.5,124.5,95.5,
11-07-2022 23:00,,70.25,106.75,96,73.25,99.75,76.25,84.25,109.25,,81.25,,85,102,89.5,81.5,79.5,122.5,86,90.5,96,
11-08-2022 00:00,,56.5,98.25,77,68,96.25,70.5,75,104.5,,78,,83.25,100,90.75,77.5,72.5,117.75,83.25,90.5,95.25,
11-08-2022 01:00,,57.25,90.75,75.25,70,90.5,77.5,68,90.75,,78,,75,109.5,87.5,77,72,108.75,76,83,95.25,
11-08-2022 02:00,,60.33333333,89.5,79.25,72,86.25,77.75,60.25,88,,73.5,,67.75,107.25,83,78.25,60.5,104.25,75.25,79.25,93.5,
11-08-2022 03:00,,59,87.75,81,71,79.33333333,64.5,58.5,89.25,,73.25,,65,106.75,77.75,79,64.25,108.75,71.75,75.5,86,
11-08-2022 04:00,,69.25,99.5,78.75,69.75,85.25,72.5,58.75,87.75,,89,,65.5,119.25,78.75,92.25,62.25,117.5,68.5,78.25,84.25,
11-08-2022 05:00,,67.25,97.33333333,86.75,68.25,87.5,67.75,63.25,95.25,,102.75,,66,127.5,81.75,86,63.25,133,72.25,158.25,81,
11-08-2022 06:00,,75.25,103.5,90.25,70.75,96,79.25,84.5,110.25,,122.25,,79.25,129,85.75,,104.25,146.25,86.25,131.75,79.5,
11-08-2022 07:00,,98.66666667,114.75,94.75,86.25,102.75,80.5,93.25,116.5,,105.75,,93.25,130.25,100.25,,113.5,149.5,92.25,121.75,91.25,
11-08-2022 08:00,,72,102.75,87,99.5,95.5,83.5,81.75,104.75,,90.5,,84.25,115.25,105,,90,148,88,95,109.3333333,
11-08-2022 09:00,,59.5,73.5,83.5,84.33333333,96.75,75.5,,91.5,,73,,86.5,93.25,79.5,,76,106.25,80.33333333,80.75,84.25,
11-08-2022 10:00,,56.25,67.25,70.5,61.75,83,63.75,,76.25,,64.5,,71.5,80,66.5,,61,78.75,54.33333333,78,69.5,
11-08-2022 11:00,,46.25,,58.25,52.75,64.75,50,53,62,,53,,59,67.5,54.75,,57.75,66.75,48.25,62.75,61.75,
11-08-2022 12:00,,44,52.25,54.5,49.75,61,46.25,56,58.5,,50,,56,59.75,50.75,,44.75,62.25,47.75,64,60.25,
11-08-2022 13:00,,46.5,49,52.25,51,66.5,43.25,53.25,62.25,,46.75,,60.25,58.25,51,,42.75,64.25,49.5,62,64,
11-08-2022 14:00,,45.5,51.5,52.5,48.75,68.75,43.5,50.75,64.25,,50,,69,62.75,49.25,,41.5,71.75,50.66666667,62.5,64.5,
11-08-2022 15:00,,48,49,54.75,50,64,43.25,45.5,63,,53.75,,60.25,64.75,52.25,,41.25,78,51.75,63.33333333,67.66666667,
11-08-2022 16:00,,46.5,54.25,55.5,50.25,67.5,43.25,43,58.5,,53.5,,55.75,67.25,54.75,,42.75,92.75,53,69.75,64,
11-08-2022 17:00,,49.66666667,70,57.75,49.75,69.75,52,43.75,64.5,,70.5,,56.75,82.25,60,,72.75,117.5,85.33333333,95,68.25,
11-08-2022 18:00,,57.66666667,81.25,65.25,50.5,101.75,81,58.25,86,,115.25,,62,113,83.25,,100.75,190.75,99.75,97.5,73.33333333,
11-08-2022 19:00,,77.5,139.6666667,85,53.75,149.25,111.5,85.25,98.25,,207.6666667,,72,135,109.5,,107.75,192.75,90.75,129.5,73,
11-08-2022 20:00,,101.5,129,115.25,61.5,129.5,104,100,111.25,,174.5,,85.5,120,133.5,,140,184.75,96,145.75,78.5,
11-08-2022 21:00,,100.75,125.5,120,63.25,129.5,86.25,91.25,110.75,,135.5,,84.25,136.5,124.25,,134.5,142.5,103.25,122.5,89,
11-08-2022 22:00,,97.75,131,115.75,64.25,119.75,95.25,85.5,122.25,,101.25,,86.5,120.5,102.5,,107.5,122.75,104.75,114.5,92,
11-08-2022 23:00,,101,112,114.5,64,112.25,78.25,90.5,108,,91.25,,91.5,122.75,95.25,,96,124.25,95.75,116.5,103.25,
11-09-2022 00:00,,90.66666667,108.5,104,63.75,109,78.75,86.75,103.75,,87.5,,87,130.25,95.75,,97,129.5,91.5,114,,
11-09-2022 01:00,,87.25,106.75,101,64,112.25,79.75,78,102.5,,86.25,,88,164,98,,88.75,128,90.75,112.75,112.75,
11-09-2022 02:00,,84.75,105.5,104.5,62.66666667,108.5,78.75,78.75,109.5,,89,,85,123.5,99.5,,87,141,90,116.25,112.75,
11-09-2022 03:00,,85.25,106,101.5,,110.25,80.5,70.5,109,,87,,80.25,122.25,96.5,,105.25,135,88.25,106.5,107,
11-09-2022 04:00,,83.75,105.25,98.75,70,110,84,69.75,111,,88.5,,80.75,127.25,95,,98,144.25,88,104.75,103.5,
11-09-2022 05:00,,103,105.5,97,67.75,106.75,80.25,84,114.5,,110.5,,79.25,123.5,94,,101,161,86.25,109.75,108.5,
11-09-2022 06:00,,106.75,118.5,111,70,160.25,93,91.75,135,,169.5,,99.25,140.75,94.75,,110,152.75,86.25,142.25,105.5,
11-09-2022 07:00,,103.75,116.25,111.75,72,118,84.75,98,141.5,,148.5,,94.75,186.75,107.5,,119.5,179.75,94,118.5,113.25,
11-09-2022 08:00,,90,97.5,98,90.75,118.25,87.75,92.75,103,,89.75,,93,130.3333333,101,,102.25,149.75,92.75,122,123.75,
11-09-2022 09:00,,,82.25,93.75,90.25,116.25,82.25,76.75,99,,74.25,,91.75,101,75,,78.5,112.5,69.5,101,102.5,
11-09-2022 10:00,,65.75,74.25,72.5,74.75,93.5,73.75,71.25,82.25,,66.5,,78.75,81.25,63,66,65.5,90.5,62,91.5,88,
11-09-2022 11:00,,59.5,64,67.75,62.5,81.5,65.75,66.25,74.5,,59,,68.75,74.25,60.25,62.75,62.75,85,56.5,82.25,79,
11-09-2022 12:00,,55.75,66,60.5,59.75,88,64.75,63.5,74,,60.5,,68.5,72.25,59.5,61.25,56.25,82.5,56,82,75,
11-09-2022 13:00,,54.5,59.5,52.66666667,60,85.75,62.75,60.25,69.75,,58.75,,64,73.5,61.75,62.25,53.75,84.75,54.75,82.5,79,
11-09-2022 14:00,,54.25,58.5,52.66666667,60.5,85,62,59.5,67,,58.75,,67.25,73.25,58.25,58.75,56.25,87.75,52.5,77.75,81.75,
11-09-2022 15:00,,56,59.75,53.75,67.25,87.25,60.75,60.75,66.33333333,,60.25,,66.75,73.75,56,60.75,55.75,87.25,56.5,79.5,77.75,
11-09-2022 16:00,,60.75,61,55.75,77.25,92,65,64,71.5,,66.5,,73.25,77.5,66.75,61.75,63.25,90,62.75,89.5,83.5,
11-09-2022 17:00,,73.5,,61.75,81.75,101.5,73.5,78.25,82.75,,95.75,,75,85.75,114.5,67.5,86.75,100,75.75,103.5,89.5,
11-09-2022 18:00,,93.33333333,100,85.5,87.25,120.5,88.75,84.66666667,109.25,,216.75,,82.75,106.25,115.25,85.25,120,115,100.75,117.25,94.33333333,
11-09-2022 19:00,,107,129.25,126.75,85.5,166,98.75,,126.75,,275.5,,96,121.25,170,88.75,165.25,151.5,131.5,151.5,94,
11-09-2022 20:00,,127.75,137,132.25,93.5,185,109.5,115.25,144.75,,215.75,,106.25,142,182,90.75,248.75,163.25,139.75,187,90,
11-09-2022 21:00,,121.25,164.75,130.25,113.25,162.5,109,97.5,141.25,,205.5,,111.25,145.75,201.75,93,208.75,153.25,138.75,209.75,106.75,
11-09-2022 22:00,,122,198,142.75,123.5,170,121,94.5,144.25,,163.5,,111.75,176.75,164.25,90.75,159.5,179,128.5,204.25,102.75,
11-09-2022 23:00,,115.5,175.5,143.6666667,123.6666667,207.25,124.75,108,154.25,,137.75,,124,165.75,142,97.75,143,159,130.5,207.75,110,
11-10-2022 00:00,,112.25,195.25,158.25,119.25,161.75,131,113.5,132.5,,125.5,,124,151.25,141.75,102.5,123.25,138,146.25,195,112.75,
11-10-2022 01:00,,103.5,169.75,138,112.75,139,112,97.25,123.5,,123,,116,150.75,140,110.5,117,143.25,141.25,177.75,106.75,
11-10-2022 02:00,,105,144.5,125,105.75,129.25,112.5,105.25,118.25,,118.25,,109.75,167.5,140.5,124,112,150.75,133,169.3333333,114.5,
11-10-2022 03:00,,106.5,129.5,161.75,107.25,139.5,111,109.25,119,,128.25,,110.25,156,135.25,119.75,128,168.25,128.25,164.5,116.25,
11-10-2022 04:00,,120.25,123.5,138.25,107.5,148.75,120,146.5,135,,127.25,,118.75,166.5,130,116.25,119,161.5,121.5,160.75,121.75,
11-10-2022 05:00,,130.5,136.75,149.25,121.5,200.5,142.25,137,160.75,,160.25,,152.5,160.75,129.5,118.25,135,187.25,129.25,173.5,126.5,
11-10-2022 06:00,,135,149.25,157,106.25,193.75,130.5,136.5,163.5,,169,,164.25,174.5,141.5,123,137.5,204.75,139.75,188.5,144,
11-10-2022 07:00,,139,161.5,154.25,99.33333333,208.75,151.25,131.75,169.25,,178,,164.75,174.5,153.5,,133,216,148.25,231.25,,
11-10-2022 08:00,,111.5,168.25,139.5,99.5,204.75,148.25,153,177.25,,143.75,,,174.25,,,127,234.75,153.5,218.5,149.75,
11-10-2022 09:00,,99.33333333,132,108.25,104.25,189,137.5,126.25,167.75,,138.75,,,139.25,,,,220.5,127.25,182.25,151,
11-10-2022 10:00,,92,110.75,92.5,97.75,165.75,114.5,111.5,127.25,,121,,,119,,,,167.75,98.5,138.75,122.25,
11-10-2022 11:00,,84.75,93.25,82,89.25,145.5,96,93.5,106.5,,95,,,104.5,,92.5,,145.5,76.25,125,,
11-10-2022 12:00,,63.25,72.75,63,76,109.5,74.25,74.5,87,,76,,,89.25,,73.5,,117.75,64.75,101.6666667,99.25,
11-10-2022 13:00,,56.66666667,58,55.25,61.5,89.5,64,64.75,69.5,,62.75,,,73.75,,60.25,,92.5,56.25,84,81,
11-10-2022 14:00,,54,56.75,53.25,57.25,81,59.25,56.75,64.75,,,,,68.25,,53.5,,87,47.5,78.5,74.75,
11-10-2022 15:00,,49,46.75,,56.5,80.25,55.25,53,59.75,47.5,49.25,,,69,,49.25,,87.5,46.75,74.75,70.75,
11-10-2022 16:00,,58.5,60.5,46,56,83.75,60,59.5,69.25,53.75,56.5,,,62.75,,51.75,,74,53.33333333,77,72,
11-10-2022 17:00,,104,72.75,55.5,61.25,75.5,67.75,61.75,71.75,68.75,76.5,,,69.25,,57.75,,92.5,69.75,82.66666667,84.5,
11-10-2022 18:00,,89,105.75,86.75,66.75,112.5,89.75,63.75,89,99.75,219.25,,,95,,72,,113.75,92.5,104.25,85,
11-10-2022 19:00,,83.5,119.3333333,101,86.25,148,96.75,62,78.5,101.25,228.25,,,107.25,,87.5,,122.25,97.75,122.25,98.5,
11-10-2022 20:00,,84.75,126.5,98.25,91.75,130.25,96.5,75,94.75,108,128.75,,,117,,91.66666667,,130.75,94.75,133.5,104.75,
11-10-2022 21:00,,95.5,117,94.75,93,138.25,100.75,94.5,172.75,108,118,,,124,,,,138,102,123.5,103,
11-10-2022 22:00,,103.75,120.25,109.5,93.75,151.5,109,108,144.25,114.6666667,115.5,,,129.75,,,,141.25,112.75,134.5,101,
11-10-2022 23:00,,113.5,122.25,118.75,96.5,148.5,115.75,110.25,128,117.5,116.25,,,139.25,,,,149.5,116,142,113.6666667,
11-11-2022 00:00,,113.25,134.75,125,98.25,146,125.5,118.5,128.75,119,116.5,,,141.75,,,,156.5,122.5,146.25,101,
11-11-2022 01:00,,117,138.75,131.25,100.75,162,124,120,135.5,128.75,119.75,,,149.75,,,,169.5,123,154.5,101.25,
11-11-2022 02:00,,124.75,147.75,139,102,163.5,126.5,123.25,144.75,131.75,117.5,,,159.5,,,,176.75,125,161.75,99.5,
11-11-2022 03:00,,142.5,144.25,157.5,102.75,209.75,152.25,169.75,184,155.25,124.5,,,177.75,,,,186,127.25,182.5,96.75,
11-11-2022 04:00,,149,189.5,177.75,110.5,225.25,165.75,176.5,208.5,169.25,144.25,,,205.75,,,,201,147.25,192.75,110.5,
11-11-2022 05:00,,151.5,183,171.25,111,230.75,163.5,158,198.5,165,153.25,,,219,,,,211.25,148,195.5,108,
11-11-2022 06:00,,149.75,166.5,164.25,114.6666667,220.5,152.25,149,179.5,161,187.25,,,200.75,,,,222.75,152.5,200.5,,
11-11-2022 07:00,,152,166.75,163.5,130.25,227.75,144,159.25,179.25,164.6666667,155.25,,,185.5,,,,227.75,145,198.75,155.5,
11-11-2022 08:00,,153.75,167.5,165.25,146.5,220.25,156.5,154.5,177.75,173.6666667,146.25,,,198,,,,215.75,131.75,195,185.25,
11-11-2022 09:00,,153,168.5,155.75,158,239,162.25,169.75,179.5,174.5,157,,,187.3333333,,154,,234,138,208.5,186.3333333,
11-11-2022 10:00,,154.25,172.75,147.75,162.75,236,159.75,170.75,190.75,172.75,152.25,,,185,,149.75,,227.75,128.25,201.25,186.3333333,
11-11-2022 11:00,,156.3333333,,150,167,238,163,172,193,173.5,150,,,188.25,,151.75,,228.25,128.75,200.75,177,
11-11-2022 12:00,,169,173.5,167,175,253,175.6666667,189.75,205,183.5,157,,,205.75,,157.25,,235.5,140.25,207.75,186.75,
11-11-2022 13:00,,124.75,156.6666667,134.75,129.25,223,148.6666667,152.75,179.25,154.75,149.25,,,171.5,,148.25,,231.75,131,203.75,176,
11-11-2022 14:00,,102,120,106.25,93,160,116,111,137.25,110.5,107.75,,,131,,115.5,,179.5,92.5,138.25,87.25,
11-11-2022 15:00,,89,94.25,92.75,83.25,131,93,91,111.75,98.5,91.75,,,119.5,,94,,139,81.66666667,108.25,84.66666667,
11-11-2022 16:00,,73.75,94.66666667,78.75,75.25,117.75,83.25,80.75,109.75,89.66666667,90.25,,,101,,86.75,,122.25,72,99,76,107.3333333
11-11-2022 17:00,,78.5,103.75,80.33333333,84.25,108.25,74.25,69.25,119,97,114,,,96.75,,81.5,,130,76,89.75,80.33333333,85.75
11-11-2022 18:00,,87.5,95,100,91.75,123.5,81,73,98,99.25,136,,,103.75,,79.75,,129.75,85.5,90,,81.75
11-11-2022 19:00,,81,91.75,99,88.25,123.25,84.25,67,157.5,89,119.25,,,96,,91.75,,152.75,86.5,106,81.25,82.75
11-11-2022 20:00,,76.5,88,91.25,89.5,103.25,76.25,65.5,96.25,78.25,85.75,,,101.5,,95,,148.25,75.5,98.5,88.25,84
11-11-2022 21:00,,76.75,79.5,87.75,85.25,108,77.5,71.5,91,82.5,77.5,,,94.5,,89.25,,108.5,76.5,93.75,87,80.5
11-11-2022 22:00,,77.5,80.75,86,85,115,79.5,75.25,87.25,80.33333333,76.5,,,92.75,,86.66666667,,100.75,79.75,97,86.75,80
11-11-2022 23:00,,79.5,85.5,87.5,86.75,125,88,74.5,85,84.33333333,78.75,,,98,,,,112,80,105.25,82.25,74.25
11-12-2022 00:00,,80.5,90.75,94.25,84.25,110.25,89.75,70.5,83,88.75,82.25,,,101,,,,109,88.5,113,82.5,75
11-12-2022 01:00,,85,84,87.5,85.75,101.25,85,70.75,84.25,83.75,86.5,,,90.75,,,,107.5,84.75,110.5,85.5,76.75
11-12-2022 02:00,,73.75,84.75,84.75,85,106.25,81,65.25,79.75,74.5,81.25,,,87.25,,,,108.75,84.5,101.75,86,76.5
11-12-2022 03:00,,70.5,80.75,82.25,83.25,93.75,75,62.5,71.75,72.5,73,,,83,,,,108.75,73.25,98,89.25,72
11-12-2022 04:00,,67.5,79.75,78.5,79.75,107.75,78.25,66.5,73,70,73,,,79,,,,98.75,76.25,101,85,67.5
11-12-2022 05:00,,76,77,79.5,78.75,114.5,79.5,65.75,75,72.5,76.75,,,82,,,,95.75,86.5,105.5,89,70.66666667
11-12-2022 06:00,,76.75,82.5,82.25,85,111,82.5,76.25,89.5,76.25,102.25,,,90.25,,,,114.25,87.5,120.25,90.5,70.25
11-12-2022 07:00,,87.5,92,95.5,103.5,142.75,100,93,116.5,,105.75,,,100.75,,,,127.75,92.5,137,133.25,81
11-12-2022 08:00,,91.25,99.75,97.75,112.75,144,100,100,127,98,101.25,,,104.75,,88.25,,137.25,96.5,149,155.5,95.75
11-12-2022 09:00,,76.5,87.25,82.25,96.25,132.75,91.5,81.75,99.25,90.75,90.25,,,89.25,,75,,137.25,79.75,124,124.5,95.25
11-12-2022 10:00,,,75.25,62.75,76,107.75,75.33333333,74,87.75,74.75,74,,,83.5,,65.66666667,,108.5,69.66666667,98.25,94.5,78.25
11-12-2022 11:00,,89,98.75,84,88.25,150.75,,100.3333333,112.75,,104,,,116.75,,85.25,,148.25,88,138,125.25,102.25
11-12-2022 12:00,,123,150,127,131.5,209.25,,139.75,174.25,138,145.5,,,167.5,,131.75,,197.25,125.6666667,173.75,189,158
11-12-2022 13:00,,124.25,152.75,125,140.5,234,,153.5,184,137.75,167.5,,,166,,148.25,,240.25,143,219.75,200.3333333,147.5
11-12-2022 14:00,,102.75,,101.75,101.75,197.5,,123.25,149.5,111.25,158,,,120.5,,115.75,,204,127.25,194.5,187.5,131.75
11-12-2022 15:00,,81.5,112.25,77.5,89,175.5,,114.5,146.5,92,138.5,,,121.6666667,,113.25,,164.5,110,182,166,104.25
11-12-2022 16:00,,84.25,94.5,82.75,82,118,,83,107,90.25,143.5,,,114.75,,88,,133,,188.5,177.75,87.33333333
11-12-2022 17:00,,92.5,101.5,83.75,78,118.5,,77.25,111.75,86,163.75,,,114.75,,94.33333333,,160,140.25,199.25,221,87.5
11-12-2022 18:00,,100.25,148.5,97,97.75,175.25,,111.75,157.5,103.25,193.5,,,168.5,,137.75,,200,142,208.25,242.75,86.75
11-12-2022 19:00,,104.5,132,117.75,117,178.25,,110,136.25,108.5,191.25,,,163.75,,146.5,,183,114.5,207.5,201,99.75
11-12-2022 20:00,,98.75,108.5,113,120.5,172.25,,108.25,137.6666667,109.25,142,,,120.25,,126.25,,161.75,124.5,196.5,197.25,105
11-12-2022 21:00,,104.6666667,114,116.5,124.25,164.5,,106.5,131,106,130.75,,,128.25,,116.25,,168.75,113.5,178.5,201,103.75
11-12-2022 22:00,,102.25,105.25,114,131.5,153.75,,100,117.75,94.5,116.25,,,126,,96,,148.5,102.75,175.25,190,109.5
11-12-2022 23:00,,95.5,104.25,110.75,132,148.75,,99.75,114.5,97.75,111.5,,,105.25,,81.75,,131.75,105.25,177.25,198.3333333,103.25
13-11-2022 00:00,,92.75,97.75,107.25,121.75,142.25,,93.5,96.5,97.75,94.5,,,102.5,,75.75,,119,87.75,149,176.5,90.75
13-11-2022 01:00,,93,101.75,107,117.75,139.5,,91.25,98.25,100.75,97.5,,,107.75,,72,,105.5,92,154.5,152,89.5
13-11-2022 02:00,,94.5,86.66666667,109,117.25,136.25,,90.25,101.25,94.75,103.75,,,106.75,,72,,112.25,97,150.25,150,89.75
13-11-2022 03:00,,94.5,93.5,109.25,117.5,145,,95,111,94.75,107.5,,,107.5,,76.75,,128.75,102.5,151,163.5,95
13-11-2022 04:00,,94.5,89.25,109,115.75,156,,97.75,107.5,91.5,104.5,,,104,,81,,127.5,103.75,152,154.25,93.5
13-11-2022 05:00,,96,99,113.25,114,142.25,,95.5,110.25,96.25,115.5,,,111,,85.75,,128.75,101.75,154.25,161.75,93.25
13-11-2022 06:00,,103.25,103.25,116.25,114,151.5,,100.75,121,102.25,121.5,,,118.25,,89.5,,132.25,105,152,145.75,96.75
13-11-2022 07:00,,112.25,111.5,117.5,115.5,160.5,,102,118.25,109,125.5,,,125.25,,90,,146,105.25,160.5,152.75,103.25
13-11-2022 08:00,,107,109,112.25,123.75,158,,105.75,136.5,101.75,117.25,,,116.5,,101.5,,161.75,110,161.75,155.25,112.25
13-11-2022 09:00,,94,,103.3333333,111,143.5,,104.25,124.75,96.75,104.25,,,102.25,,92.66666667,,158,101.25,140,136,106.75
13-11-2022 10:00,,71.5,81.5,80.25,94.25,122.25,,81.5,91.5,79,81.75,,,85,,,,117.25,76.25,117.75,118.75,90.5
13-11-2022 11:00,,59,69,59.5,71,100.5,,65.5,77,63.25,67.66666667,,,67,,,,91.75,60.25,89.5,98.25,73
13-11-2022 12:00,,50.5,63,53.5,52,83.5,,58,67.25,57,58,,,64,,,,81.25,47.5,76,99.25,65
13-11-2022 13:00,,,49.5,38.5,38.75,66.5,,47.25,55,42.25,46,,,53.25,,,,66,39.5,62.75,94.5,49.5
13-11-2022 14:00,,26.25,,30.75,29,53.5,,34.25,43.25,33.5,37.75,,,44.75,,,,54,31.5,49.25,94.5,
13-11-2022 15:00,,,27.75,28.75,28,46.5,,29,35.75,25.25,73.75,,,34.25,,,,41.5,40.75,94.75,104.75,
13-11-2022 16:00,,,48.5,31.75,31,93,,33.75,68.25,27.75,89.5,,,57.5,,,,79,72.5,104,117.6666667,24.75
13-11-2022 17:00,,46.25,107.5,45.75,37.25,97.25,,50.75,85.75,48.75,127.25,,,114.5,,,,135.75,98.5,135.5,128,28
13-11-2022 18:00,,62,107.75,73.75,55.33333333,133.75,,61,100.5,70.25,167.75,,,102.5,,,,206.25,94.75,166.5,,44
13-11-2022 19:00,,68.5,106.25,78.5,70,147.5,,78.5,96.25,93.25,178.75,,,101.75,,,,198.5,93.75,160.75,153.3333333,57.5
13-11-2022 20:00,,77,111.25,88.25,88,154,,88.5,100.5,97.25,143.25,,,108.25,,,,139,105.5,151,191.3333333,66.5
13-11-2022 21:00,,86.75,125.5,94.5,105.75,140,,100,118,98.25,144,,,114.5,,,,135,115.25,153.25,183,78.25
13-11-2022 22:00,,102.3333333,128,110,110.5,139.5,,107,125.5,109.25,128,,,131.25,,,,149.5,123.25,156.5,172.5,81.25
13-11-2022 23:00,,114.5,132.75,131.25,113.5,150,,110.75,128.5,116,128.5,,,151.25,,,,157,128.25,185.5,170.5,92
14-11-2022 00:00,,110.75,135,133,117,152.25,,110.25,144,116.75,141,,,152.25,,,,167.75,125.25,178.25,169.25,98
14-11-2022 01:00,,117.25,134.25,137.75,114.5,151,,117,143,117.5,131,,,148.25,,,,171.75,124.5,164.5,188,100.6666667
14-11-2022 02:00,,124,150.25,147,117.75,128.25,,113,149.5,120,128,,,151.5,,,,155.75,125.5,180.5,174.5,99.25
14-11-2022 03:00,,120,147.5,144.25,121.6666667,146.25,,107.25,146,125,136.75,,,154.75,,,,159,126.5,187.25,168.3333333,110.75
14-11-2022 04:00,,120.75,144,145,119.25,147.25,,105,146.5,125,138.5,,,157.5,,,,166.5,129.75,187.25,167.5,102.5
14-11-2022 05:00,,116,150.5,144.25,114.75,161.25,,116.5,147.25,135.25,189.25,,,158.75,,,,180.25,137,191,159.25,
14-11-2022 06:00,,134.25,180.75,164.5,114.3333333,216,,127.25,189.75,161.5,247.75,,131.25,168.75,141,,142,202.75,177.25,214,167.75,
14-11-2022 07:00,,164.25,198.75,187,132,269,,159.25,247.25,199.75,233.75,,167,226.3333333,172.75,,152.75,202,202,230.75,181.3333333,117.3333333
14-11-2022 08:00,,150.25,179,174.25,160.75,269.75,,156.5,220.25,154.5,181.75,,159.5,192.5,190.25,,154.5,275,180.25,216,221.5,140.75
14-11-2022 09:00,,136,143,,149.75,194.75,,155.75,162.25,131.5,147.75,,133.25,152.75,184,141.5,132.5,271.25,169,205.25,186.75,153
14-11-2022 10:00,,89.75,103.5,97.25,115.25,186.5,,108.25,123.5,97.25,113.25,,121.5,105.3333333,121.75,99.25,101.75,222.75,98.25,156.5,158.75,113.75
14-11-2022 11:00,,71.25,94,81.66666667,95,132.5,,89,91.5,80,95.25,,95,92.5,102,78.25,83.25,152.75,77.33333333,122.25,118.5,86.25
14-11-2022 12:00,,57,67.5,58.5,71.75,95.75,,75,72.5,62,62,,68.25,69.75,67.5,60.75,59.5,118.75,51.75,,78.75,69
14-11-2022 13:00,,44.75,53.25,45.25,50.5,64.5,,53.5,55.5,44.66666667,42.25,45.25,46.75,58.25,47.25,46.5,46.5,73,40.5,48.66666667,68.5,49.75
14-11-2022 14:00,,47.25,50,47.33333333,47.25,87.5,,55.25,63.75,48.75,41.25,44.75,92.25,56.5,47.5,46.25,47.33333333,62.75,42.75,53.75,60,46.33333333
14-11-2022 15:00,,41.25,53,45.25,49.5,75,,51.25,79.25,49.5,54,50.5,56,57.5,54,52.25,44.5,74.25,43.75,58.5,60.66666667,55.33333333
14-11-2022 16:00,,43.75,56.75,43.5,49.75,65,,52.5,64,52.25,74,46.25,56.5,57.75,67.25,53.5,54.5,71.25,50.75,68.5,61.25,47.33333333
14-11-2022 17:00,,52.5,65,52.5,53.25,71.75,,103.3333333,73.25,64,132,48,58,66.75,98.5,56.75,112.5,120.25,71.75,109.75,64,44
14-11-2022 18:00,,96.66666667,97.25,103.5,57.75,121.5,,67.25,94.75,99,234.25,71.25,70.25,82,140,64.75,136.75,190.75,,147,93.5,64.75
14-11-2022 19:00,,120.5,162,138,83.25,189,,72,122.25,118.75,174.25,90.25,104.25,109.25,191,80.75,122.5,169,116.25,143.5,92.25,76.5
14-11-2022 20:00,,103.75,164.75,140.5,109.25,193.75,,106.25,157.5,129,128.75,104,144,131.5,169.25,95.5,116.75,184,138.6666667,135,97.5,87.75
14-11-2022 21:00,,110.75,170.25,120.5,122,181.25,,99.5,154.5,131,121.25,103.75,140,142.5,156.25,110.5,104.75,193.5,132.5,138.75,105,102.75
14-11-2022 22:00,,89.25,178.25,108.5,124.75,141.75,,97.25,141.3333333,130.25,131.25,108.5,117.75,128.5,165.75,120.75,105.75,190,139.25,147.25,110,108.5
14-11-2022 23:00,,95.25,150.75,107.75,124,137.25,,107,150,113.5,119.75,112,106.75,129.75,144,123.75,105.5,185.5,122.25,139.75,115,105
15-11-2022 00:00,,98.25,149.25,108.75,124.25,126.25,,114.5,132.5,111.5,116.5,109.75,107.75,123.25,135,124.25,111,181,127,150.5,125,90
15-11-2022 01:00,,98.25,151,114,127.75,156,,98,116.25,114.5,122.75,129,110.25,140.75,135.5,119.25,113.25,185.5,125,168.5,133.75,89
15-11-2022 02:00,,113.25,147.25,123.25,125.75,148.75,,100.5,127.25,118,127,141.25,125,157,136.5,118.25,117.5,189.5,127.5,181.75,138.75,95.75
15-11-2022 03:00,,128.25,144,135.75,127.5,169.25,,115.5,136.25,122.25,140.25,132.75,133.75,162.75,140,123,124.25,203.25,131.5,181.25,135.75,103
15-11-2022 04:00,,124,151.25,,131,163.5,,108.75,148.75,131.25,139,134.5,140.25,163.5,143,128,129,214.25,134,183,139,116.75
15-11-2022 05:00,,128,159,148,132.75,183.5,,118,147,128,150.5,121.75,142.25,173,149,132,126.25,228.5,140.5,179.75,140.25,114.75
15-11-2022 06:00,,135.25,168,157,130.6666667,198.5,,122.25,174.25,143.5,180.5,139.25,154.5,189.75,161.5,144,136,232.75,220.25,190.25,,122
15-11-2022 07:00,,143.5,181,170.25,134,220.25,,136.25,220.75,163.75,185.5,163,166.75,215.3333333,196,143,163,250.5,171.5,199.75,156.6666667,132.75
15-11-2022 08:00,,124.25,178.5,136.5,149.25,235,,135,197.25,147.5,148,168.5,162.5,187.75,162,168.75,148.5,254.5,114.75,189.5,173.5,145.25
15-11-2022 09:00,,102.25,125.75,91,123.25,172.25,,113.25,140.5,106.25,99.5,132.5,122,132.5,115,131.25,107,173.75,105,159.75,147.6666667,110.6666667
15-11-2022 10:00,,82,98.5,80,83.5,129.5,,87.75,112.75,87,92.25,116.75,95.25,109.75,109.5,91,75.75,151.5,82.25,124.75,123,111.3333333
15-11-2022 11:00,,49,66.33333333,46,59.25,78.66666667,,59,69.25,50.75,63.25,75,60,77.5,69.75,62.25,51,109.5,50.5,89.5,88,65.75
15-11-2022 12:00,,37.75,43,36.75,39,54,,43.25,48.5,40.75,45.5,55.25,40.5,47.5,46.75,41.75,39.25,73.25,34.5,53.25,60.75,46.75
15-11-2022 13:00,,30.5,35,30.75,25.25,46.25,,34.5,40.25,33.75,31.25,35,34.75,39.75,32.75,31.75,29.25,49.5,28,39.75,46,41.25
15-11-2022 14:00,,24.25,29,24,22.5,37,,25.75,31.25,26,25.75,26.25,28,32.75,27,27,22.25,43.5,23,30,,33.33333333
15-11-2022 15:00,,23.5,25,33.5,21.75,36.5,,24.75,31,24.75,26.25,24.75,26.75,30.5,24.75,23.75,22.25,41,21.5,30,28,28.75
15-11-2022 16:00,,24.75,27.25,30,21.5,37.75,,26.25,40.5,24.5,28.25,23.75,28,30,41,26.66666667,26.5,48.5,32,30.5,32.75,27
15-11-2022 17:00,,47.75,48.25,34.25,26.5,42.5,,29.25,38,33.25,67.25,28.75,30.5,35.75,88.75,30.5,40.75,70,47.5,37.66666667,44.75,28.75
15-11-2022 18:00,,49.25,108,61.75,36,69.25,,42.33333333,52.5,50,115.5,46.25,41.75,50,151,43.75,61.75,96.5,73,63.25,42.75,40.25
15-11-2022 19:00,,42.25,75.75,56.5,47.75,82,,43.25,58.25,51.75,127.5,64,56.5,67.25,118.5,51.25,74.25,128,58.25,62.25,58,50.25
15-11-2022 20:00,,39.5,56.5,46,57.25,78.5,,55.5,63.5,43.25,63,66,50.25,48.25,144.5,60,55.75,84,55,75.25,,46.5
15-11-2022 21:00,,54.75,60.25,51.25,69,213.5,,57.75,74.25,57.75,48.5,61.5,54.66666667,63.5,76.25,55.75,57.5,85.5,51.75,68.5,68.25,44
15-11-2022 22:00,,63.75,68.25,63.25,68.25,84.75,,44.66666667,57.25,58.75,45,54.75,47.75,68,73,59.75,49,80.25,54.25,67,67.5,56.5
15-11-2022 23:00,,63.5,66.25,61.5,65.75,62.75,,41.25,53,60.5,47.25,56.75,44.75,59.5,77,64,50.75,79.75,52.25,66.5,74.5,54.75
16-11-2022 00:00,,51.25,61,56,62.5,68.5,,42.75,53,54.25,49.5,56.25,44.25,55.75,59,56,49.5,70.75,47.25,65.25,84.66666667,56.25
16-11-2022 01:00,,46,64.75,49.75,60.5,61.5,,39.5,45.75,43.75,54,60,41.25,51.5,59.25,58,49,68.75,49.75,64.75,76,49.75
16-11-2022 02:00,,45,55.75,49,56.5,53.75,,37.5,43.5,45.5,48.25,74,40.75,49.5,55.75,55.75,48.25,70.5,53,66.25,71,45
16-11-2022 03:00,,46.25,58.25,54.5,55,73.5,,42,48,44,60,67.5,50.25,53.5,59.5,55.5,50.75,78,54.5,75.5,71,43.25
16-11-2022 04:00,,48.66666667,54.75,71.75,54.75,75.75,,46.25,54.25,48,61.25,58.75,53.25,56.5,58.25,60.75,57,79.25,55,81.25,72.25,43.25
16-11-2022 05:00,,53.75,58.25,61.75,58.5,92.5,,52.5,73.75,55.75,80.5,58,56.5,62,62.25,,58,92.5,60.75,84.25,71.75,46.5
16-11-2022 06:00,,64.25,80.25,66.25,57.66666667,93.75,,61.75,97.75,61,102,80,124.75,82.5,79,,67.5,115.5,77,97.5,90.5,57.25
16-11-2022 07:00,,72.75,104.3333333,77.5,75,122.75,,81.75,102.75,74.75,106,103,86.5,108.3333333,91.75,,83.25,133.75,81.5,119.5,116.5,67
16-11-2022 08:00,,81.75,105,83.5,101.25,135,,89.25,112.5,79.75,105.75,125.5,102.5,109,89,,94,142,107,155.75,136.3333333,80.75
16-11-2022 09:00,,82.75,89.5,82.75,106.5,133.5,,96.25,110.75,87,99.75,116.25,91.5,102.75,93.25,,90.75,141.25,80.75,130.25,132.75,96.25
16-11-2022 10:00,,69,77.33333333,65,88.75,112,,78.75,91.5,75.75,74.75,89,79.75,87.75,82.75,,,112.25,63.75,101.5,99,90
16-11-2022 11:00,,58.5,67.5,56,68.5,,,62.25,79.25,59.5,63.5,69.5,68,70.5,72,,60.5,102.25,56,82.25,69.5,74.5
16-11-2022 12:00,,49.5,57,48.25,53.25,83.5,,58,68.5,52.5,56.5,62,57.75,59.75,56.75,52.5,53.5,87.75,51.5,74.5,59.33333333,63.25
16-11-2022 13:00,,40.75,50,41.25,43.5,82.75,,50.75,61.75,46.25,54,55.25,55.5,54.75,51.5,47.25,47.33333333,80.5,45.25,67.25,57.25,54.75
16-11-2022 14:00,,41,46.66666667,40.25,46.25,73.25,,44,55.25,40.75,52.5,59,52.75,52.5,49.5,43.5,,79.75,45,65,59.25,50.5
16-11-2022 15:00,,42,50.25,41,46.75,70,,45.25,55.25,41.75,51.5,54.75,62.75,51.5,47,65.5,43,91.5,44.75,63.25,60.25,48.25
16-11-2022 16:00,,45.75,50,45.5,48.25,61.75,,46.5,60.5,44,59.25,49.75,67.5,55.25,52.5,47.25,47,78,54.75,64,67.5,47
16-11-2022 17:00,,64.5,,51.5,52,64,,53,65.75,55,76.75,51.75,58.75,66.25,98.25,51,75.25,140.6666667,87.25,86.5,79,47.5
16-11-2022 18:00,,70.66666667,153.75,81.75,62.5,97.75,,63.75,88,67,226.5,76.5,76,119.5,224.25,61,90,176.75,263.75,124.75,100.5,60
16-11-2022 19:00,,70,139,78.5,77,128,,68.5,92.25,82,149.5,87.5,92,131.6666667,188,93.25,99.5,145.5,140.5,113.5,,74.75
16-11-2022 20:00,,71.25,126.5,79.75,91.25,124.25,,77.5,98.75,83.75,121.25,93.5,89.25,110.25,130.75,93.25,87.25,142,126.25,114.25,,79
16-11-2022 21:00,,73.25,90.75,82.75,102.5,124.75,,81.25,97.5,85,99,94.75,83,94.25,155.5,89.25,86,147.5,191.5,114,133,74.75
16-11-2022 22:00,,78,87.25,128,101.75,114.5,,76,92,83.25,88,96.75,75,94.5,119.75,71,79.5,135.75,114.75,110.25,114,77
16-11-2022 23:00,,78.75,89.75,84.5,89.25,106,,78.5,90.5,84,74.75,83.75,72,92.5,77.5,73.25,70.5,108.75,86.5,97,114,78.75
17-11-2022 00:00,,68.5,84.75,75.75,77.5,98.5,,72,87.25,75.5,58.75,71.25,68.25,83.75,61.75,67.25,59.25,99.75,59.5,88,93,86
17-11-2022 01:00,,64,75.75,69.5,72.5,92.5,,68,81.25,69.25,54,64.25,60.75,71.25,57.75,58.25,57.25,97.5,55.75,82.25,85,65
17-11-2022 02:00,,60,69.25,69.75,71.75,83.25,,61.5,69.75,63.5,58,68.25,53.75,68,58,54.66666667,58.75,83,57,82,89,60
17-11-2022 03:00,,55.75,63.75,64.25,65.5,78.75,,59.25,66,58.25,56,65.75,49.5,62.75,53.75,50,56.25,74.5,54,76.75,84.5,56
17-11-2022 04:00,,54,59.75,63.75,59.5,76.25,,55.25,62.25,56,55.75,63.25,46.25,64.75,56.25,47.5,51,73.75,70,74.5,95.5,52.75
17-11-2022 05:00,,54.25,57,72.25,56.75,77.25,,54.5,64,52.25,59.5,63.5,47,63,57.5,47.75,52.5,79.75,59.75,73.5,105.5,55.5
17-11-2022 06:00,,55.75,60.5,67.75,56.66666667,82.5,,58,69.5,54,64.5,80.25,49.25,64,72.75,49.5,54.5,101.75,78.5,77.75,76,56.33333333
17-11-2022 07:00,,60.75,67,68,61.25,93.5,,65.5,76,59,75,88.5,55.5,68.75,67.5,54,65.25,106.5,72.75,255.5,78.75,62.25
17-11-2022 08:00,,61.25,65.66666667,65.75,67,96.5,,60.5,78.5,60.25,67.25,79.75,60,70,68,52.5,56,106.25,65.25,89.5,73.5,66.75
17-11-2022 09:00,,55.25,68.5,56.25,58.25,92.25,,56.25,70,57.75,66.5,71.25,,67.5,,53.25,54,103,53.5,78.5,69.75,70.25
17-11-2022 10:00,,73.25,83,67.75,79.5,115.75,,77.75,97,75.25,79.25,80.75,,82.25,,69,,119,68.75,107.25,90.5,78.66666667
17-11-2022 11:00,,62.5,96,65.5,102,140.75,,97.25,109.5,82.75,106.5,117.25,,92,,83.33333333,,150,82,138.75,120.5,90
17-11-2022 12:00,,47.5,87,52.75,87,121.5,,91.5,100,65,89,100.25,,70.5,,73.75,,120,77.75,115.75,107.5,55.25
17-11-2022 13:00,,45.5,72.25,50.25,,108.75,,74.5,86,55.75,75.5,76.75,,63.75,,65.5,,107.75,62,90.75,100,54.75
17-11-2022 14:00,,43.66666667,69.75,46.25,62.66666667,146.75,,76.75,77.25,57.25,62.5,67,,62.25,,56,,98.5,58,78.5,91.5,50.5
17-11-2022 15:00,,43.33333333,62,45.25,39.5,86,,54.66666667,62.75,57.33333333,59.25,66,,69.5,,53.5,,87.75,47.5,74.25,84.5,53
17-11-2022 16:00,,36.75,54,43.75,36.25,66.5,,40.5,51.75,38.75,50.5,63.75,,49,,39.25,,81.75,42,70.5,86.5,46.25
17-11-2022 17:00,,54.66666667,63.25,50,45.5,74.5,,51,69.5,50.25,89.5,72.5,,59,,44.75,,92.75,150.75,111.25,91,40.75
17-11-2022 18:00,,61.5,79,75.25,62,105.75,,68,86,71,106.25,85.5,,82.75,,59,,125.25,233,113.75,,52
17-11-2022 19:00,,69.5,92.5,90.5,79.75,120.5,,79.5,100.5,79.25,106,92.5,,,,74.75,,130,156.3333333,120.25,,62.5
17-11-2022 20:00,,91.5,114.5,111.75,99,143.75,,103,126.75,113.25,101,96.5,,122.75,,86.5,,135,108.75,122.25,116.75,71.25
17-11-2022 21:00,,105,132,121.5,112.75,160.75,,114,138.5,114.75,118.5,99.75,,130.75,,100,,154,119.75,132.5,120.5,90.5
17-11-2022 22:00,,111.75,145.5,127,120.25,147.75,,109.75,135.25,120.25,148.75,100.5,,139.75,,112.75,,161.25,121.25,146.75,120.5,104.5
17-11-2022 23:00,,121.25,154.5,134.25,123.25,135.75,,96.75,130.5,163,124.5,109,,156,,118,,163.25,112.5,148.25,129.5,111.75
18-11-2022 00:00,,110.75,150.5,118.75,122.5,154.25,,98.5,128,110.25,116,112.75,,151.75,,112,,163.75,111,152.25,132.5,114.25
18-11-2022 01:00,,105.5,135.75,116,121.25,141,,101,122.75,100,122.75,118.75,,144.5,,109.75,,165.75,109,169.75,137.5,107.75
18-11-2022 02:00,,109,126,117.5,120.75,140,,98.25,118.25,104.25,127,119.75,,139.5,,108,,170,116.75,174.25,142.5,99.75
18-11-2022 03:00,,99.75,130,120,119.5,151.5,,87,117.75,102.25,128.75,122.5,,131,,114.75,,172.5,111.75,169.75,143.25,96
18-11-2022 04:00,,102.5,132.75,119,123.75,169,,87.75,123.25,104.25,219.5,129.75,,130.6666667,,115.5,,173.75,131.5,201.5,148,90.33333333
18-11-2022 05:00,,115.75,136.25,148.5,124,170.75,,112.5,151.5,115.5,209.5,153.75,,143.75,,,,209.25,159.25,217.25,171.5,105.25
18-11-2022 06:00,,127.25,146.5,146.25,125.6666667,196.5,,127,173.25,131.75,176.25,154.5,,155.5,,,,250,163,222.25,166.75,119.75
18-11-2022 07:00,,136.25,155.3333333,164,144,214.75,,139.75,179.5,140.25,195,191.75,,150,,,,269.25,177,226.75,174.25,116.25
18-11-2022 08:00,,133,136.6666667,156,161.25,204.75,,121.25,145,133.25,158.5,179.5,,143.75,,,,270.75,152,201.75,193,132.75
18-11-2022 09:00,,103.25,127.5,117,122.75,167.75,,117.25,127.25,127,126.75,145.25,,140,,,,202.5,108.25,162.5,161.3333333,128.5
18-11-2022 10:00,,82.25,104.25,83.75,89.5,126,,98.25,108.6666667,89.5,78,100,,92.25,,,,145,75,122,103.75,106.75
18-11-2022 11:00,,45.75,56.75,47.5,58.75,82.75,,56.25,60.25,54.25,44.25,59.25,,56,,49.33333333,,88.25,49.5,70,64.75,65
18-11-2022 12:00,,33.5,35.5,33,40.75,49.5,,36.75,48.75,35.25,41.75,43,,42.5,,35.75,,57,34.75,51.25,49.33333333,43.75
18-11-2022 13:00,,32,37.25,33.25,38.25,48.5,,34.25,43,33.25,39.5,43.5,,41.5,,35.25,,52.75,34,50.25,52.25,41
18-11-2022 14:00,,30.5,36.5,30.33333333,37,47.5,,35.5,39.75,35.75,38,43,,43.5,,35.5,,52.25,35.5,47.25,52.75,37.5
18-11-2022 15:00,,31.5,36.75,30.5,35,46.75,,34,39.5,33.33333333,46.5,40.75,,45.5,,36.75,,54.5,37,47.75,52.5,32.75
18-11-2022 16:00,,33.5,47.25,31.75,34.75,49,,37.5,46.75,36,63.33333333,38.5,,48.25,,37,,64,60.5,59.75,54.75,32.25
18-11-2022 17:00,,59.25,57.75,52.75,37.5,70,,48,61,52.25,120,47,,60.75,,50.75,,109,59,76,59.75,35.5
18-11-2022 18:00,,65.25,108,74.75,56.5,124,,62.75,112.25,70,163.25,60.5,,77.25,,65,,121.25,73.5,83,87.5,46.5
18-11-2022 19:00,,80,155.75,87.5,71,158.25,,69.25,123.5,86,123,73.75,,84.75,,79.25,,136.5,95.25,124.75,,59
18-11-2022 20:00,,94.75,131,108.25,80.5,184.5,,86,129.75,112.3333333,184.5,88.5,,131.75,,84.5,,139.6666667,110,140,98.25,67
18-11-2022 21:00,,105,188.25,143,79.75,189.25,,104.5,166,111,229.25,103.75,,134.75,,91.5,,159,100.75,123.5,109,79.25
18-11-2022 22:00,,112.5,197.75,134.25,88.25,160.5,,98.25,175,123.25,177.25,111.5,,116.75,,82.75,,203.75,107.75,150.5,123.5,77.75
18-11-2022 23:00,,115.25,212.25,148.25,93.75,168.75,,95.5,171,146.75,120,108.25,,109.5,,86.5,,207.25,112.5,140.25,135.25,83.33333333
19-11-2022 00:00,,91,211.5,162.75,97,150.75,,91.75,163.25,164.75,94,100.25,,132,,92,,178,113,128.75,129.25,
19-11-2022 01:00,,96.75,192.25,143,93,133.5,,83.25,146.25,158,123.5,99.5,,154.3333333,,97.75,,183.25,110.5,125,136,
19-11-2022 02:00,,107.75,181.5,132.75,86.75,163.25,,94,161.5,130.25,117.25,97,,162.25,,101.5,,215.75,113.75,137.75,143.5,
19-11-2022 03:00,,98,180.75,125.5,94,162,,86,160.5,126,114,98.25,,152.75,,103.75,,202.75,123.75,151.75,128.75,
19-11-2022 04:00,,94.75,227.75,116,91,153.5,,89,153.75,119,120.75,113.25,,149,,107.5,,201.25,121.5,153.25,129,
19-11-2022 05:00,,82,197,114.25,89.25,121.75,,84.5,124.75,117.5,134.5,104.5,,114.5,,105,,187.5,129.75,173,121,84.75
19-11-2022 06:00,,92,159.75,118,90.33333333,151.75,,80.25,135.25,115.25,245.25,111.5,,116.25,,136,,227,137.25,359.75,112.6666667,88.25
19-11-2022 07:00,,103,134,123.5,92,152.75,,93.75,153.75,156,195.25,136.75,,109.25,,120.5,,285,158.75,188.75,124.25,82.25
19-11-2022 08:00,,93.66666667,112,99.75,96.75,118,,86.75,120.25,100,108.75,160,,95.5,,,,187.25,93,149.75,145,86.66666667
19-11-2022 09:00,,74,86,73.75,89,99.5,,86,89,71.5,76.75,115,,77.25,,,,168.25,63,109.25,108,78.75
19-11-2022 10:00,,51.75,70.33333333,50.25,69.25,92.25,,64.5,76.5,57,61.5,79.25,,69.5,,,,128.6666667,57.25,91.5,77.25,67.5
19-11-2022 11:00,,44.25,55,44.5,50.25,74.5,,47.5,58.75,47.5,53,59.25,,62.25,,52,,88.75,49.5,70.25,60,58.5
19-11-2022 12:00,,42.25,51,42.25,47.5,62.75,,45.5,55.5,44,46,56.75,,54.25,,46,,72.75,42.25,62.25,58,53.25
19-11-2022 13:00,,42,47.75,40.5,46.75,62.5,,44.75,52.25,39.75,45.33333333,53.5,,51,,44.25,,74.25,40.5,60.25,54.25,
19-11-2022 14:00,,41.75,45.25,38.5,45.33333333,56.75,,40.5,49.5,39,45,46,,54,,43.5,,69.75,41.25,58.5,55.25,47
19-11-2022 15:00,,,44.66666667,38.25,46.33333333,59.25,,38.25,48.5,40.5,42.75,45.5,,54.75,,44.25,,66.5,40.5,59.5,56.25,41.25
19-11-2022 16:00,,44,49.25,40.5,46.25,50.75,,41.25,77.25,41.25,70.5,43.75,,57,,53,,67,45.25,63.75,58.66666667,50
19-11-2022 17:00,,61.5,116.75,54.5,58.25,71,,55.25,82.25,51.33333333,84.75,52.75,,72.25,,66.25,,101,62.5,78,62.25,43.75
19-11-2022 18:00,,86.25,142.25,106,73,117.75,,91.5,109.5,76.75,169.25,62,,84.75,,74.5,,189.75,98.75,152.25,68,52.5
19-11-2022 19:00,,109.5,161.75,138.5,81.5,164.75,,107.5,140.5,114.25,179.5,76.5,,105.75,,84.5,,199.75,110.75,208.75,87.25,67.25
19-11-2022 20:00,,107,175,204,97.25,230.75,,103.75,164.5,130.25,165,101.75,,119.5,,96,,183.75,141.25,192.75,88.25,80.25
19-11-2022 21:00,,138,220.75,217.25,109,200.25,,98.5,166.25,141,125,104.5,,137,,,,,138.75,168.75,90.75,98.5
19-11-2022 22:00,,135.5,214.75,243.5,117,168,,98,168.75,182.5,108,114.5,,153,,,,196,115.5,138.75,110.75,119.25
19-11-2022 23:00,,107.5,182.5,180,120.5,138.75,,74.75,148,191,108.25,124,,184,,,,182.5,93.25,121,109.75,153.25
20-11-2022 00:00,,96.75,156,128.75,117.25,109.75,,70.25,119.5,120.75,97.5,112.75,,161,,,,166,86.25,123.5,107.25,150.6666667
20-11-2022 01:00,,83.75,144,102.5,114.25,105,,69,98,93,94.75,97,,132.75,,,,148.3333333,81.75,111,117,114.25
20-11-2022 02:00,,81.25,115.25,95.25,109.75,105,,71,93,85.25,84.5,82,,102,,,,133,79.75,103.75,123.25,90.75
20-11-2022 03:00,,82.5,101.25,93.5,104.25,90.5,,78.75,98.25,91.75,87.25,79,,93.75,,,,137.75,85.25,104.75,121.25,77.25
20-11-2022 04:00,,90.75,99.25,100.25,100,102.5,,88.75,97,92,101.25,73.5,,103.5,,,,136,81.25,113.25,116,79
20-11-2022 05:00,,97,106.25,109.75,100.25,108.5,,90.5,103.5,94.25,154.5,70,,104,,,,136.5,88.5,127,112.75,81
20-11-2022 06:00,,105.5,126.25,118.25,108.6666667,132.5,,101.5,119.25,102,116.75,97.75,,116.25,,,,184.75,95.5,156.25,118,83.75
20-11-2022 07:00,,114.75,171.5,125.25,119,158.75,,106.25,131.75,106.25,145.25,155.25,,124.25,,,,186,121.5,189.75,136.75,92.5
20-11-2022 08:00,,113,116.25,125.25,135.5,175,,105.5,119.25,106.75,122.5,170.75,,122.75,,,,204,107.5,174.75,161.5,103.25
20-11-2022 09:00,,105.25,108.75,103,103.3333333,140,,96.25,109,99.75,115.25,130.5,,119.25,,,,165.25,,162.75,139,116.75
20-11-2022 10:00,,86.75,100.25,95.5,81,122.25,,82.25,97.75,95.5,99,123,,107.25,,,,143.5,,135,,116
20-11-2022 11:00,,73,82.75,85,69.5,113.5,,75,84.25,72.5,78.5,83.75,,85.25,,,,114.75,59.25,100,91.75,93.5
20-11-2022 12:00,,52.5,57.5,51,54.5,81,,52.5,59,49.75,52.75,52.25,,59.25,,,,84,46.5,61.5,,70
20-11-2022 13:00,,42.25,51.75,40,43.5,67.25,,46.75,55.75,43.75,48.5,48.25,,56.75,,,,81.75,43.5,59.75,,55.75
20-11-2022 14:00,,37.5,48.5,37.75,43.25,61,,41.5,47.75,38.25,56.25,51.75,,54.5,,,,75.75,40,57,,47.25
20-11-2022 15:00,,36.25,42,36.75,43.25,55.25,,38.75,46.5,36.25,54,48.5,,49,,,,75,35.25,52.75,45,38.25
20-11-2022 16:00,,40,46.33333333,37,44.33333333,48,,40.5,46,40.25,51,43.25,,52,,,,74.25,41.25,54,50.25,38.25
20-11-2022 17:00,,70.25,68.75,45.75,47.25,65.75,,49.25,58.25,54.25,101,44,,92.75,,,,99.25,56,71.5,85.5,38.25
20-11-2022 18:00,,112,91.25,85,50.75,117.75,,86.75,95,71.25,205.5,66.75,,112,,,,125,73,,60.75,54.75
20-11-2022 19:00,,167.25,115.5,110.5,62.75,147.25,,102.25,131.75,97.5,284.5,71.25,,115.75,,,,179,90.5,141.5,65,75.25
20-11-2022 20:00,,180,151,127.75,73.25,155,,97,149.75,121.5,186.25,98,,190.5,,,,181.25,109.6666667,126,76,85.25
20-11-2022 21:00,,140.25,163.5,176,94.75,178.25,,84.75,162.75,133.75,119,103.25,,152.5,,,,166.6666667,121.25,146.75,83,106.5
20-11-2022 22:00,,109.5,172.75,137.75,113.5,145.25,,73.75,149.25,126.25,116.75,105,,156.75,,,,171,103.5,147.75,94.75,119.75
20-11-2022 23:00,,101.75,163,108.25,120,132.5,,75,100.5,131,109.75,107.75,,141.25,,,,161.5,80.25,133.75,112.75,112
21-11-2022 00:00,,93.33333333,141.5,104.75,117.25,116.5,,81.5,97.75,84.25,99,97.75,,122.25,,,,141.25,79,122,,102.5
21-11-2022 01:00,,91,127.75,103.75,114.25,120.75,,81.25,98.75,94.5,89.5,84.25,,106,,,,132.75,87.25,113,121,92.5
21-11-2022 02:00,,91.75,121.5,105.25,111.75,114,,81.75,99.33333333,92.25,96,82,,100.25,,,,133.25,84.5,119.75,,87.75
21-11-2022 03:00,,95.75,125.5,105.75,108.25,111,,82.75,105.25,89.25,87,83.5,,97,,,,125,81.75,119.5,119.75,86.75
21-11-2022 04:00,,86.75,118.25,100.25,106.5,117.25,,84.5,101.75,91.5,85.75,89.5,,99,,,,129,79.5,120,117.25,82.75
21-11-2022 05:00,,85.5,113.75,101.75,101.75,115.25,,86.25,102,95.5,89.75,92.5,,99,,,,140.5,80.25,120,117.5,78
21-11-2022 06:00,,90.25,106.75,101,99,120.5,,90,116.5,94,110,97.25,81,106,88.75,,90,152.75,84.5,122.75,125,78
21-11-2022 07:00,,100.6666667,118,108.5,97,119,,93.5,119.75,91,124.5,111,83,105,133,90.5,,158,93.5,137.5,,80.25
21-11-2022 08:00,,99.75,98.5,107.25,113,144,,90.25,112.75,91.5,117.25,133,84,121.75,168.75,,,155.5,102.5,143.5,126.75,89.5
21-11-2022 09:00,,94.25,85.75,95.75,105.25,146,,85.5,101.25,82.75,98.5,104.25,112.75,97,103.5,76,88.25,146.5,85.75,132.5,116.3333333,99
21-11-2022 10:00,,78.5,67.25,75.75,84.5,114.5,,68.5,95.5,66.25,81,83,89.5,74,79.25,59.75,71.5,111.25,68,103.75,97,94
21-11-2022 11:00,,53.66666667,56.66666667,55.5,55.75,79,,53,74.25,47.5,59.25,63.5,58.25,56.25,61.75,56.5,56.25,94,46.75,74.5,68.66666667,68
21-11-2022 12:00,,38.75,45,38,45.25,65.75,,44.5,54,38,49.25,50.25,74.25,48,48,41.75,59.5,74.75,39,60.5,53.75,48.75
21-11-2022 13:00,,35.5,42.5,35.5,38,54.75,,39.5,52.33333333,36.25,,41.5,41.5,47,38,41,38.33333333,63.75,31.5,48.75,52.25,42.5
21-11-2022 14:00,,33.25,38.66666667,34,33.75,50.5,,38.25,46,35.5,37,40,38.25,43,35,33.75,,51.5,30,44.5,45,41.25
21-11-2022 15:00,,32.5,33.25,32.75,36.25,51,,35.75,43.5,30.75,34.25,38,36.75,40.25,35,32.25,35,56.5,29.25,47.25,49,39.25
21-11-2022 16:00,,34,35,31.25,38,53.75,,37.75,47.75,34.33333333,45.75,47.75,40.5,43.25,44.25,34,41,58.25,38.66666667,60,55.25,32.75
21-11-2022 17:00,,51.25,54.25,182,43.75,61.25,,47.5,60.66666667,47.25,91.75,50.25,47,51,108,41.5,57.5,87.5,58.75,65,62.5,37.25
21-11-2022 18:00,,55.5,94.75,325,61.75,80.5,,49,66,56.75,173.25,64.75,49.5,64.25,158.5,60,72.25,118.75,84,71.25,77.25,52
21-11-2022 19:00,,47.5,78.75,59.5,69.5,76.25,,47,57.25,54,270.25,69.25,51.25,67,111.25,67.5,64,130,70.5,70,82.5,57.75
21-11-2022 20:00,,56.5,85.75,85.5,68,87.75,,55.75,62,55.5,209.25,95.5,63.75,83.75,111.5,70,98.25,145.25,77,132,95.5,50.5
21-11-2022 21:00,,66.75,95.75,82.5,70.5,99.25,,66,82.5,68.75,206,90.5,79.75,99.25,151.5,82.25,88,154.5,82.25,132.5,93.25,62.25
21-11-2022 22:00,,77.33333333,128.75,91,79.75,127,,80.5,103,78.25,125.25,96,106,113.25,123.5,84,83.5,153.5,88,119.75,98.25,67
21-11-2022 23:00,,82.66666667,115.75,96.5,90.5,137.5,,78.5,111.25,99,108.5,91.25,113.5,114.5,113.25,87,74,147.5,84,113.5,99.25,72
22-11-2022 00:00,,79.5,132.25,97.75,92.25,120.5,,74.25,98.25,86,102,95,97.5,106,106,91.75,76.75,140.75,77.25,122.25,113,79.5
22-11-2022 01:00,,78,119.75,93.5,94.75,118.5,,76,95.75,75.5,114,98.25,97.25,99.75,95,88.25,80.75,138.75,80.75,143.5,114.75,89.5
22-11-2022 02:00,,81.25,123.25,93.75,101,128.75,,81.25,107,103.5,129.75,109.25,103.75,111,100.25,94,90.25,166.5,94.33333333,165.5,,87.5
22-11-2022 03:00,,87.5,114.25,100.5,104.25,133.5,,92.5,113.75,82,127.25,141,98.25,112,109,97.5,93.25,176.75,98.75,162.75,134.25,84.75
22-11-2022 04:00,,91.75,102,104.5,105.75,139.5,,92.25,115.5,85.25,115.5,136.75,93.75,107.25,113,96.5,94.75,171,102,149.5,141.25,86.25
22-11-2022 05:00,,97,103.75,109.5,106.25,142,,97.5,123.25,89,112.75,128.5,93.5,109.75,116.25,94.5,95.5,179.5,104.5,146.5,144.5,91.75
22-11-2022 06:00,,99.25,106,113.25,111.25,149,,101.5,123,95.5,127.75,126,96.5,115.75,124.5,95.75,101.75,207,99.25,148,148.75,95.75
22-11-2022 07:00,,112.75,115.25,126,116.75,167,,105,122.5,101,128,129.75,98.75,117.75,149,93.25,108.75,205.75,108.25,153.5,160,102.5
22-11-2022 08:00,,102,110.5,114.25,112.5,138,,114.25,122,95.75,115.75,122.5,92,114,109,93.25,97.25,180,93.25,144.5,152.75,106.5
22-11-2022 09:00,,88.5,,84.5,91.25,128,,85.25,101.6666667,91.5,91.75,108.25,80.25,95.75,83.25,81.5,79,123.75,72.5,128.75,127.25,93.25
22-11-2022 10:00,,72.33333333,68.5,68,62.75,98.5,,59.25,84.5,63,71,78.25,68.5,81.5,67.25,61.75,61.25,108.25,50.75,82.25,84.75,79.75
22-11-2022 11:00,,40,50.5,42.25,46.75,64,,42.5,54,44,,46,45.5,54.75,45.5,47,47.5,78.75,38,52.5,56.33333333,55.75
22-11-2022 12:00,,32.25,35.5,29.75,32.25,50.75,,33.75,41.25,30.75,37.66666667,37.75,35,38,34.25,32.5,32.75,57.5,29.5,42.75,45.75,40
22-11-2022 13:00,,29.5,31,29.66666667,29.25,39.25,,27,34,27.5,36,36.25,27.5,35,27.25,26.33333333,26.5,43.25,23.75,37.5,31.75,35.75
22-11-2022 14:00,,28.25,25.75,27.5,33.25,42.25,,28,31.75,24.25,27.25,28,29,32,25.75,22.25,27.25,37.25,22.5,34.25,33,33.25
22-11-2022 15:00,,28.75,29.33333333,27.5,30.25,47,,32.75,,28,30,31.75,32,33.33333333,29.5,26.5,29,42,26.25,39.5,38.75,30
22-11-2022 16:00,,34,30,28.75,30.5,43.25,,33.25,40.25,29,36.75,32.75,35.75,39.25,39.25,28.75,35,50,32,39.5,43.75,30.5
22-11-2022 17:00,,46.25,44.5,33.5,40,63.75,,39,58,45,,36.5,90,46.5,144.25,33.5,54.5,74.5,49.75,53.5,60,32.5
22-11-2022 18:00,,76.25,72.75,69.5,46.25,108.25,,53.5,84.25,74.66666667,125.75,55,106,74.33333333,209.5,54.75,73.5,,66.25,71.75,97.75,45.5
22-11-2022 19:00,,74.25,96.75,107.5,61.5,126.25,,63.25,78.75,82,122.75,69.5,98.75,95.5,164,82.5,77.75,127.75,69,80.75,80.66666667,65.75
22-11-2022 20:00,,69,101,85.5,78,113,,74,78,74,89,69.75,86,97.66666667,156,94.75,77.25,116,75,75.5,79,69.25
22-11-2022 21:00,,75.5,99.25,85.75,93.25,107.25,,67,85.25,67.5,80.75,67.5,78.75,90.5,127.25,90.5,74.5,117.25,71.66666667,96.75,84.5,72.75
22-11-2022 22:00,,72.25,89.25,88,99.5,104.5,,61.5,79,64.25,81.25,80,71.75,84.25,104.25,93.5,76.75,117.25,71.5,116.5,85.75,74
22-11-2022 23:00,,69,89.75,89.25,107.25,97.75,,62,77.25,67.5,89,79.75,71.5,78.5,106.25,88.75,78.25,116.75,81.5,123.5,89,70.75
23-11-2022 00:00,,74.75,92.5,89.75,109.75,100.5,,73.25,82.75,66.5,87.25,77.75,71,78,104,89.5,83.25,128.25,85,112.75,96,70.25
23-11-2022 01:00,,78,94.25,93.25,108.5,112.25,,69.25,82,68,84.75,82.75,74.25,80,99.5,84,86,132.25,86,115,106,72.25
23-11-2022 02:00,,78.5,93.25,95.5,107.75,102.25,,63.25,79.25,64.25,81.25,89.25,68.75,79.5,99,84.5,83.5,130.75,82,117.75,107.75,72.75
23-11-2022 03:00,,77.5,78,91.5,106.25,105.75,,71.25,78,69.25,79.5,93,68,80.5,90.75,78.75,81,122.5,75.5,119.75,112,73.5
23-11-2022 04:00,,79,91.33333333,95,102.5,111.75,,75,85,76.5,81.5,92.5,71,91,85.5,64.75,79.75,126.25,71.25,118.5,114.75,75.5
23-11-2022 05:00,,82.33333333,91,96.5,100,121.25,,82.25,92.75,75.5,97.25,97,77,94.25,84.75,70.75,83.75,140.25,77,122.75,112.75,80.75
23-11-2022 06:00,,85.5,92.5,104.25,97.66666667,130,,88,102,84.5,107.25,104.75,85,102,102.25,75.75,89.25,,87.5,128.5,118,85.25
23-11-2022 07:00,,99,100,107.25,101,150.25,,95.75,116,,133.5,137,105.5,108.25,122.5,81.75,93.5,175,108,139.5,138,91.75
23-11-2022 08:00,,98,94.5,108.75,115.75,148,,98.25,140.75,89.75,108,126,99.25,103.5,117.75,86.25,89,177,104.25,143.5,132,96
23-11-2022 09:00,,81,,88.5,100,129.75,,87,117.25,75,90.25,98.5,85.5,84.25,83.25,64.75,73.25,146,74.75,118.5,114.5,91.5
23-11-2022 10:00,,63,62.25,61.33333333,79.75,96,,63.5,79.25,66,69,72.25,71,68.75,62.25,51.25,58,102.5,52.25,84.5,81,76.75
23-11-2022 11:00,,50,52.75,46.75,61.75,75.5,,50.25,64.33333333,54.5,51,54.25,55.75,56.75,50.25,49.25,61,79.5,38.5,64,69,61
23-11-2022 12:00,,35.25,40,33.5,50.75,56.25,,40.25,45,38.25,35.66666667,42.25,40.75,42,35,35.25,39.75,60.25,,51.5,58.75,45.75
23-11-2022 13:00,,38.75,40,34.25,43.33333333,56.5,,,47,36.75,36.5,43.5,41,40.5,36.75,32.5,37.33333333,50.75,30,52,60.25,45.5
23-11-2022 14:00,,34.75,38.75,35.5,38.5,58.25,,40.66666667,47.33333333,38,39.25,43.75,41.25,46,36.75,35.75,34,58.25,30.5,50.5,47.5,43
23-11-2022 15:00,,30.5,35.25,30,38,55.25,,39,45.25,33,44.25,41.25,39,41.75,36.75,33.25,35,56.5,31.25,49.25,44.75,35
23-11-2022 16:00,,36.75,33.75,31.25,37,56.25,,36.5,54.5,33.5,47.5,37.5,41.25,43.75,47,33.25,36,60,35,43.75,48,34
23-11-2022 17:00,,51.5,56,42.75,40.75,54.5,,45.5,69.25,47.5,76.25,42,55.25,57.75,202.25,40.75,48,105,51,81,58.5,40.25
23-11-2022 18:00,,64.25,67.5,70.75,49.75,110.75,,51,80.25,52.5,101,61.5,86,82.25,164.5,53.66666667,71.5,139.25,62.75,103.75,57.25,50.5
23-11-2022 19:00,,63.75,80.5,85,66.5,113.5,,61.25,80.75,61.25,114,80.5,78,77,165.5,67.75,72.25,109.5,70,90.75,70.75,69.75
23-11-2022 20:00,,75.5,90.5,80.75,87.75,99,,70,86.25,66.75,110.25,78.25,78.5,79.5,146,75.25,74.5,139,78,109.3333333,82,66.25
23-11-2022 21:00,,75.75,96.5,83.75,94,115,,74,95,71.75,98,77.25,82,90.75,148.75,94.75,81.5,134.5,87.75,116.25,85,67.75
23-11-2022 22:00,,82,111,88.75,105.25,114.5,,77,92.25,73.25,90.75,86,78.75,86,129.5,93.25,90.75,131.75,95.25,118.5,92,73.5
23-11-2022 23:00,,82.25,105.5,95.5,112.5,105.75,,75.75,88.5,67.25,87.25,89.25,79,94.75,114.25,94.25,138.5,132.5,82.25,114.25,95,77.25
24-11-2022 00:00,,81.5,103.5,87.75,113,91,,66.75,80.25,68.75,76,78.5,73.5,94,110.75,96.75,86,118.75,84.5,105.25,96.5,78.25
24-11-2022 01:00,,78.25,104.25,91.25,109.5,94.5,,64.5,79,71.25,75.25,85.25,72.75,91,96.75,95.75,81.25,113.75,78.5,106.75,98.25,76.25
24-11-2022 02:00,,76.5,94,93.5,106.25,95.25,,68.5,82,66,79.75,85.5,74.5,82.75,95.25,93,81.75,114.25,76.25,114,100.25,72.75
24-11-2022 03:00,,79,92.25,92,101,104,,72.25,86.75,67.25,87.75,89.25,79.5,86.75,110.75,90.5,85.25,122.75,81.5,126.75,101.75,72.75
24-11-2022 04:00,,81.25,96.5,96.75,100,112.5,,74.75,91,75,96.5,88.25,82,87.75,95.75,90.5,86.5,136.25,93,136.5,106.5,74
24-11-2022 05:00,,83.75,90.5,110.3333333,100.5,121.25,,75.5,93.75,76.5,110.75,100,82.75,89.75,108.25,93.75,93.75,150.25,92.5,136,112.5,81
24-11-2022 06:00,,89.25,115.25,109.25,104.6666667,136.5,,79.75,104.75,83.75,141.25,129.25,89.5,95,155.25,98,99,183.75,98.25,142.5,122.5,79.25
24-11-2022 07:00,,97,131.25,109.5,121.75,143,,98.75,124.5,91,166.5,132.25,102.75,111.6666667,127.25,107.75,112,179.75,99.75,152.25,147.25,91.25
24-11-2022 08:00,,99,111.25,222.25,129.75,150.25,,103,132.5,87.75,110.5,134.5,99.25,114.75,,116.5,103.25,179,87.5,145.5,146,103.6666667
24-11-2022 09:00,,97.25,107.75,205.75,111,152.5,,102.25,131.25,92,105.5,118.5,102,111.25,,93.5,87.5,157.75,84.5,145,117.5,118.75
24-11-2022 10:00,,95.5,106.25,84.75,99.25,137.25,,93,122,95.75,99.5,112,105.25,111,,100.5,88.75,150.25,77.25,130.25,108,121
24-11-2022 11:00,,78,95.5,77.75,84.5,116.5,,87.25,109.25,80,80.5,86.75,93,98,,98.75,,123.75,59.75,94,88.66666667,103
24-11-2022 12:00,,60,72.5,62.75,70.25,86.5,,65.75,82,61,57,62,65.25,75,,69,,93.75,46.25,77.66666667,76,86.75
24-11-2022 13:00,,47.75,52.75,44.75,58.25,76.25,,54,63.75,45,51.75,57,57.5,58.5,,49,,81.25,41.5,72.5,65.25,61.5
24-11-2022 14:00,,48,51.25,44.25,54,74.75,,,61.75,45.25,51.5,53.25,55.25,58.75,,47.25,,76.25,40,,69.5,56
24-11-2022 15:00,,48,47.5,49.33333333,46.75,72.25,,48.25,61.25,44.25,50.75,48.5,52,59.75,,47,,76.25,37.25,59,61,51.25
24-11-2022 16:00,,53.25,49.25,50,44.75,55.5,,43.5,58,46.25,64,41.5,50,61,,45.5,,75.75,42.33333333,57.5,61,48.25
24-11-2022 17:00,,64.25,63.25,60.75,47.75,75.75,,59,86.25,57.5,183,45,57.25,74.75,,53,,127.25,54.5,66.5,61.5,61
24-11-2022 18:00,,96.5,90.5,103.5,55.75,175.25,,73.75,116.5,86.5,238,66.75,90.5,104.6666667,,67,,151.5,75.5,134.5,66.75,65.25
24-11-2022 19:00,,117,126.5,169.75,68.5,204,,89,147.25,106.5,229.5,78.25,128.75,136.75,,,,179.75,99.75,149.25,69.66666667,84.25
24-11-2022 20:00,,107.6666667,194.5,170.5,93,209.75,,108,164.75,112.25,280.25,99.75,159.75,173,,,,215.75,112.25,168.25,,101.5
24-11-2022 21:00,,115,219,155.25,110,215.75,,103.75,177.5,134,230.5,98.75,176.5,215.25,,,,212.25,129.75,166,91,109
24-11-2022 22:00,,120,237,149.75,116.25,234.75,,112.25,195.25,208.5,180.75,103.75,203.75,174.75,,,,200,155.25,191.25,97,118
24-11-2022 23:00,,109,238.5,151.5,121,244.75,,104.75,209.5,158.75,212.75,125,211,167.5,,,,210.75,169,201,103,114
25-11-2022 00:00,,101,265.75,157.75,136,268.5,,121.75,221,132.75,187,122.25,169,135.75,,,,209.75,166.75,166.5,108,114.25
25-11-2022 01:00,,109,260.75,164.5,144,195.25,,100.5,194,134.75,163,121.5,175.5,164,,,,210.75,,135.5,115.75,130.75
25-11-2022 02:00,,109.75,211.25,144.5,144.5,170.75,,104,170.75,124,152.25,111.5,147.5,192.75,,,,210,123.75,135.25,132.75,119.75
25-11-2022 03:00,,119.25,181.5,148.75,141.75,155.25,,94.5,152.5,122.25,147.75,114.25,116.5,156.25,,,,212.25,,138.5,131,124.75
25-11-2022 04:00,,114.25,167.75,157.5,142.75,211.25,,87.25,144.5,120.5,136.25,114.75,111.25,153.5,,,,214.75,,150.25,126.75,110.75
25-11-2022 05:00,,103.5,152.25,146.5,142.75,212.5,,108,151.5,116.5,188,96.75,124.5,139.25,,,,225,,144,122.5,108.25
25-11-2022 06:00,,123,183.5,151.25,138.5,202.5,,104.75,155.75,135,255.75,115.25,121.5,146.5,,,,339.75,,148,132.25,103.25
25-11-2022 07:00,,154.25,362.5,153.5,130.25,247,,149.5,175.25,160,,140.25,121.25,156.75,,,,316.25,152.75,172.5,156,108.5
25-11-2022 08:00,,145.75,177.3333333,166,133,164,,126,160.75,166.5,165.5,166,127.5,163.6666667,,,,260.5,120.5,183,190.25,130.75
25-11-2022 09:00,,118,146.5,101.5,121.75,148.75,,121,137.75,113.5,116.6666667,136.75,110,123.75,,,,228,82.75,163.5,158.25,118.75
25-11-2022 10:00,,95.75,120.75,79.5,92.33333333,124.25,,92.75,109.25,101.25,86.75,107.25,96.66666667,102.5,,,,159.25,61.75,128,101.75,109.75
25-11-2022 11:00,,65,86.66666667,57.75,66.5,102.25,,78.75,83.25,63.5,73.66666667,70.75,79,76,,77.75,,110.5,47.75,84.5,73.5,81.25
25-11-2022 12:00,,56,63,52,54,83.25,,57.5,64,55.75,,61,72,68.5,,60.25,,95.25,42,71,67.75,71.25
25-11-2022 13:00,,48.25,51.66666667,45,51,69.25,,47,56.5,47.25,52.75,52.75,57.75,61.25,,49.25,,81.25,35.5,61.5,65.33333333,60.5
25-11-2022 14:00,,45.25,45,,52,64,,43.75,51.5,39,48.25,48.25,49.25,56.5,,40.5,,74.5,34,60.25,61.75,55.5
25-11-2022 15:00,,45,42.25,39,50,67.75,,44.25,53.25,39.75,44,51.5,52.33333333,55,,40.5,,65.75,36.33333333,63,64.75,55.5
25-11-2022 16:00,,46.25,46.5,45.5,51,58.5,,48,57,41,52.25,53.5,49.5,58.5,,44.5,,68.5,,67.66666667,63,56
25-11-2022 17:00,,67.75,75.25,74.75,59.5,76.25,,58.25,88.75,51,76.5,54.75,52.5,71.5,,52.75,,106.75,,72,67,63.75
25-11-2022 18:00,,87.75,102,101.5,67,120.25,,76,102.25,72,138.75,89.75,71,116.75,,73.5,,185.75,,113.5,89.33333333,86.75
25-11-2022 19:00,,84,110.25,107,89.75,123.75,,73.25,104,78,111.25,109.75,75,114,,87.75,,169.5,,143.5,95,92.25
25-11-2022 20:00,,83,116.25,108.5,110,136.75,,80,106.5,85.5,204.5,102.5,81,130.25,,,,152.75,,131,95.75,90
25-11-2022 21:00,,91.75,117,103.75,117,127,,87.75,118.75,84,112.75,110.25,89,119,,,,140,,128.75,99.5,88
25-11-2022 22:00,,96,128.5,108.25,117.75,144.5,,109,115,90,109.25,107.25,98,128,,,,150,,130,103.25,94.25
25-11-2022 23:00,,96.25,139.25,109.25,120,139.25,,96.75,115,96.75,103.25,105.25,95.25,122.25,,,,157.75,,125,110.5,100.25
26-11-2022 00:00,,98.25,121.5,116.75,121,129.5,,88.25,112,93,100.5,98.5,89.75,121.25,,,,157.5,,130.75,118.5,101
26-11-2022 01:00,,99.75,126.5,113.25,121,128.25,,92.5,117,91,103.25,102.5,93.5,128.5,,,,162.75,,136,117.75,99.5
26-11-2022 02:00,,101.75,126.3333333,113.25,120.5,141.75,,95.75,120.75,103.25,111.75,114,99.75,139.25,,,,162.5,,141.5,125,103.5
26-11-2022 03:00,,101.5,125.5,119.5,119.25,138.25,,99.25,124.5,101.75,117.5,114.5,99.5,137.5,,,,173.5,,151,131.25,103.25
26-11-2022 04:00,,101,127.5,120.75,119.6666667,139.5,,99.75,126.75,103.75,122.75,125.75,102.75,136.5,,,,181.5,,159.75,128.25,109.5
26-11-2022 05:00,,104.25,130.75,120,120.5,140.25,,98.75,153,106.5,130.5,119.5,105.25,146,,,,189.75,,164.75,130.5,104.25
26-11-2022 06:00,,111,149.75,,122.3333333,188.5,,107.5,179.5,109.75,178,148.25,137.5,152.5,,,,222.75,,194.25,134.25,108.5
26-11-2022 07:00,,127.75,268.25,174,143,201.25,,135.75,169,124.75,223.5,203,148.25,179.25,,,,277.5,,231.25,167.5,116.75
26-11-2022 08:00,,133.25,187.75,162.5,173.5,249.75,,154.25,193,132.75,226.75,232.75,163.75,185,,,,262.5,133.75,234,203,129.25
26-11-2022 09:00,,127.75,151.25,144.5,164.75,217,,143.25,179,125.25,173.75,197.25,164.75,157.25,,,,230.75,114.5,204,200.25,150.75
26-11-2022 10:00,,117,129.75,118.5,133,182.25,,128.75,157,116,127.25,165.25,151.25,138.75,,,,203.3333333,97,187,177.3333333,146
26-11-2022 11:00,,79.5,96.25,90.33333333,93.75,125.25,,85.75,105.6666667,84.25,111.5,123.25,104.5,100.75,,,,154.5,70,144,141,86.66666667
26-11-2022 12:00,,49,77.25,67.75,72.5,91,,62.25,80.5,60.25,73.25,74,72.25,69,,,,132,55.75,93.5,98.75,59.25
26-11-2022 13:00,,38.75,58.5,49.5,50.5,79.25,,50.75,59,46.75,61.75,62,62.75,63,,,,106.75,45,73,86.75,
26-11-2022 14:00,,33,48.25,38.75,45,65,,45,50.66666667,36,55.5,52.75,53.25,61.25,,,,91,42.25,62,76.66666667,46
26-11-2022 15:00,,31.5,41.75,34.75,45.5,56,,36,45.66666667,32,51,48.75,45.5,50.5,,,,81,37,59,59,44.75
26-11-2022 16:00,,37.75,42,37.25,48,54.25,,37.75,46,34.33333333,49.75,43.25,42,48,,,,72.5,44.25,59,58.5,43
26-11-2022 17:00,,56.75,53.75,51.5,49.5,79.25,,52.25,67.25,53.25,118.5,48,50,65.25,,,,95.5,115,112.75,93,49.75
26-11-2022 18:00,,101,105.25,76.75,58.5,142,,79,101.6666667,82.25,176.25,82,81.5,88,,,,150.3333333,182,178.25,75.5,62.25
26-11-2022 19:00,,115.75,213.75,134.25,75.25,191.75,,83,138.75,113.25,187.5,101,122.75,134.5,,,,169,156.5,131.25,68.75,76
26-11-2022 20:00,,98.75,178.25,142.25,94,184,,89.25,151.25,120.25,178.5,92.25,143,142.5,,,,194.5,139.6666667,126.5,74.25,98
26-11-2022 21:00,,115.25,181.25,130.75,109,179.25,,92.75,135.5,131,149,97.5,149.5,160.25,,,,193,112.5,139.5,89.25,101.25
26-11-2022 22:00,,108.25,179.6666667,120.75,121.5,172,,91,,132.5,134.25,103.75,145.25,156,,,,178.75,124,145.75,101,99.5
26-11-2022 23:00,,99.75,171.5,122.25,125.5,154.75,,86,,108,133.25,108,136,143.75,,,,171.75,133.25,142.75,108.75,100.5
27-11-2022 00:00,,99,162,123.75,127.75,128.25,,86,118.75,110,120.25,105.5,125.25,139.5,,,,183.75,116.25,145,118.25,104.25
27-11-2022 01:00,,101.25,172,126.5,128,135.25,,88.25,118.5,107.75,127.5,112,117,144,,,,176,105.75,161.25,119.25,107
27-11-2022 02:00,,99,165.75,132,126,140.75,,93.75,124.5,117.75,133.75,114,125,148.75,,,,172,102,164.5,124,103
27-11-2022 03:00,,98,154,155.75,121.5,142.25,,93.5,124,116.5,133.5,118.5,125.75,148.25,,,,175.5,111.75,168.5,131.5,103.25
27-11-2022 04:00,,104.5,148,134.75,119.25,140.25,,97.75,124.25,120.25,135.5,103.25,129.75,148,,,,205,111.25,169.25,129,110.25
27-11-2022 05:00,,109,148.75,137.25,120.75,151.75,,99.25,129.25,126,141,102.5,126.25,164.25,,,,206,113.75,170.5,123.75,110
27-11-2022 06:00,,130.75,149.5,144.75,117.6666667,174.5,,103.5,151,134,229.5,99.75,124.5,171.5,,,,222.5,118.75,173,130,112.75
27-11-2022 07:00,,128,155.75,157.25,114,212.5,,115.75,165.5,149.25,232,138,128.5,179.5,,,,246,140.25,189.25,136.75,115.25
27-11-2022 08:00,,125.75,150,165.75,131.25,208,,131,151.5,145,171,184.5,116.25,164.75,,,,248.5,153,206.75,182.6666667,129.5
27-11-2022 09:00,,113.75,129.75,143.75,138.75,178.75,,129.75,136,131.25,136.5,164,117.75,158.5,,,,230.75,125,197.3333333,174.25,133.5
27-11-2022 10:00,,106.75,105,114.75,108.5,144,,99.25,104,116.25,127.75,135.5,116.25,147,,,,170.25,103.5,189.75,135,144
27-11-2022 11:00,,88.75,76.25,106.25,92.75,132.75,,87.25,89,82.75,,,,,,,,162.5,84.5,126.5,105.5,120.75
27-11-2022 12:00,,65.75,71.25,72.5,72,108.5,,67,87.5,64.75,,,,,,,,160,60.25,91.75,87.5,101
27-11-2022 13:00,,44.75,57,45.75,64.5,82,,55,,52.5,,,,,,,,108,47,70.75,81.75,68.5
27-11-2022 14:00,,41.5,45.75,42.5,56.5,63,,47,55.33333333,43.5,,,,,,,49.5,89,44.5,60,71,53.5
27-11-2022 15:00,,40,46.25,43,49.75,73.75,,48.25,56.75,40.75,,,,,,,48.25,75.75,40.5,64.25,66,48.25
27-11-2022 16:00,,41.75,57.33333333,44.5,54.5,62.25,,47,58.25,51.5,,,,,,,52.25,79,45.5,64.5,65,48
27-11-2022 17:00,,56,90.75,52,53.5,89.5,,53.75,73.5,61.75,,,,,,,73.75,,66,73,,51
27-11-2022 18:00,,90.5,99,84.75,62.25,177.5,,76,101.75,101.25,,,,,,,138,,85.75,117.25,71,58.25
27-11-2022 19:00,,121.25,152.25,147.25,84.5,236.25,,116.75,166.75,139.5,,,,,,,153,191.25,137.25,142.75,,70.25
27-11-2022 20:00,,125,222,176,107.5,230.5,,114.5,212.5,176.25,,,,,,,156,,134,137,92,82.75
27-11-2022 21:00,,129,253,176.75,116.5,249.25,,141,243.25,174.25,,,,,,,,,139.75,143.75,101.75,97.25
27-11-2022 22:00,,123.75,278.75,175.5,120,262,,160.75,271.5,171.75,,,,,,,,,181,150.5,110.25,108.25
27-11-2022 23:00,,108,296.25,179.25,126.25,267.5,,113.5,271.75,176,,,,,,,,,164.75,178,115.25,114.75
28-11-2022 00:00,,99.25,276.5,154.5,134.25,228.75,,98,248.25,165,,,,,,,,,150.75,156,115.3333333,120.75
28-11-2022 01:00,,97.25,281.25,,,,,102.5,236.5,165.75,,,,,,,,,140.75,148.5,119.75,117.75
28-11-2022 02:00,,108.5,267,,,,,98.5,196.25,150.25,,,,,,,,,127.75,146,138.75,114
28-11-2022 03:00,,111.5,253.75,210.75,128.75,,,,,135.25,,,,,,,,,111.5,148.5,133.5,113
28-11-2022 04:00,,111.25,238.25,175.5,129.25,,,,,128,,,,,,,,,112.25,150.25,132.5,105.25
28-11-2022 05:00,,110.25,208.5,171.25,130.75,,,,,122.5,,,,,,,,,114.5,151,129.25,108.75
28-11-2022 06:00,,114.75,212.5,210,125.75,,,,,121,,,,,,,,,106.5,160.25,130,102.75
28-11-2022 07:00,,139.75,240.25,168.25,114.75,,,,,151.5,,,,,,,,,130,166.3333333,140,102
28-11-2022 08:00,,133.25,158.5,166.5,111.25,,,,,150.5,,,,,,157.75,,,146.5,171.25,166.5,120.5
28-11-2022 09:00,,111.5,150.6666667,153.75,117.25,,,,,142.5,,,,,,142.5,,,125,184.75,141.75,135
28-11-2022 10:00,,99,141.25,117,123,149.25,,,,129.25,,,,,,,,,,,,
28-11-2022 11:00,,70,106.75,92,102.5,120.75,,,,93.75,,,,,,,,,,,,
28-11-2022 12:00,,62,86.25,90.75,82.5,90,,,,86,,,,,,,,,,,,
28-11-2022 13:00,,60.25,79.5,76.33333333,81.25,79,,,,70.5,,,,,,,,,,,,
28-11-2022 14:00,,54.75,76.25,75,86.66666667,79,,,,65.5,,,,,,,,,,,,
28-11-2022 15:00,,57,78.75,71,82.75,69.33333333,,,,64,,,,,,,,,,,,
28-11-2022 16:00,,59.75,68.5,71.33333333,76,73.5,,,,61.5,,,,,,,,,,,,
28-11-2022 17:00,,82.5,91.5,89.66666667,80.25,104.5,,,,81.75,,,,,,,,,,,,
28-11-2022 18:00,,120.75,257.75,128.6666667,81.75,156.25,,135.5,132,128.75,,,,,,,,,,,,
28-11-2022 19:00,,157,219,,84.5,227,,148,191.5,159,,,,,,,,,,,,
28-11-2022 20:00,,132.5,214.6666667,,95.5,316.25,,156.25,196.5,184.75,,,,,,,,,,,,
28-11-2022 21:00,,142.75,277.5,251.25,128.5,359.5,,145.75,245,215.5,,,,,,,,,,,,
28-11-2022 22:00,,171,308.75,257.25,151.25,386.75,,172.5,270.5,293.5,,,,,,,,,,,,
28-11-2022 23:00,,254.5,321.5,288.75,159.75,389.75,,183.25,283.75,292.25,,,,,,,,,,,,
29-11-2022 00:00,,335.75,340.5,268.5,166.25,374,,158.75,246.5,245.75,,,,,,,,,,,,
29-11-2022 01:00,,220.75,302.75,209.75,154,324.25,,120.5,192,196.25,,,,,,,,,,,,
29-11-2022 02:00,,116.5,270,186.25,149.5,284.5,,118,155.25,155.25,,,,,,,,299.25,266.25,,,
29-11-2022 03:00,,103.75,216.5,171.75,145,216.25,,93.5,148.5,138.25,,,,,,,,319,245.75,,,
29-11-2022 04:00,,104.75,207.5,149.5,138.25,135.25,,100.5,148.5,142,,,,,,,,316.5,238.75,,,
29-11-2022 05:00,,107.25,196,149.75,129.75,124.25,,122.75,156,137.25,,,,,,,,342,243,,,
29-11-2022 06:00,,114.25,183.5,158.75,122.6666667,142,,129.75,168.75,153.6666667,,,,,,,129.25,377.5,256.3333333,,,
29-11-2022 07:00,,122.25,184.5,176.5,115,165.25,,168.75,185.75,160,,,,,,,172.5,411,218.75,237,,125
29-11-2022 08:00,,125.25,192.5,155.5,124.5,230.5,,202.75,240.25,135.25,,,,,,,196.75,377,190.6666667,222.75,,135
29-11-2022 09:00,,113.25,143.75,132,155,185,,175,208.75,114.5,,,,,,,179.5,309.25,181,197,,129.75
29-11-2022 10:00,,112.25,135.75,99.25,117.5,165.5,,160,154.6666667,99.25,,,,,,,156,256.5,141.25,163.5,,149
29-11-2022 11:00,,93.25,122.3333333,97.25,99.33333333,139.25,,113.5,119.6666667,94.33333333,,,,,,,134,162.25,101.25,137.5,,120.25
29-11-2022 12:00,,73.5,97.33333333,91,93.75,138.75,,91.5,111.6666667,89.66666667,,,,,,,119.75,152.75,94,127.25,130.6666667,102.25
29-11-2022 13:00,,70.25,104.3333333,90,89.75,126.75,,92.75,125,89,,,,,,103.5,108.75,150.5,105,116.75,128,105
29-11-2022 14:00,,69.75,99,85.5,83.5,117.25,,78.75,106.5,83.5,,,,,,99,96.5,151.25,93.25,107.75,122.3333333,106
29-11-2022 15:00,,69.25,89,84,87,92.5,,77,91.5,89.25,89.25,82.5,111.25,113.25,97,96.5,91,151,93.5,115.75,130.75,107.25
29-11-2022 16:00,,70.25,105.75,80.75,83.5,106,,92,100.5,96,154,81,102.75,110,108,92.75,91.25,154.75,116.75,119,126.5,110.75
29-11-2022 17:00,,93.5,144.25,91,,,,102.75,115,108.75,352,89.5,116.5,123.25,193.25,100.75,110,174.75,136.75,132.25,129.5,111.25
29-11-2022 18:00,,105.5,,,,,,118.75,136.75,131,553.75,105.75,144.75,144.25,241.5,120.75,199.25,271.25,202,163.75,128.6666667,104.5
29-11-2022 19:00,,106.5,,,,,,154.75,187,140.5,555.75,139.5,185.25,156.25,209.75,136.75,247,299.75,245.75,220.5,,107
29-11-2022 20:00,,133.25,,,,,,195,232,162,465.3333333,160,212.75,189,199.5,148.5,226.25,343.25,231.25,233.75,,118.5
29-11-2022 21:00,,186.5,274,233.25,,,,184.5,247.75,178,347.25,216.75,231.5,215,236.75,150.75,195.5,357.75,226.25,240,149,134.75
29-11-2022 22:00,,205.5,306.5,282.75,,,,167.75,273.25,213.75,336,205.75,274.25,278.75,243,146.25,183.25,331.5,273.75,271,163,155.75
29-11-2022 23:00,,133.25,290.5,233,,,,114.75,207,183,342,204.5,302.5,247,240.75,147.75,154.75,255.5,286.25,281.25,164.75,166.75
30-11-2022 00:00,,109.75,229.75,170.75,,,,112,168.75,144,313.75,217.75,172,212,267.75,161,123.75,258.25,265.25,219.75,165.25,151
30-11-2022 01:00,,108.5,211.75,150,,,,108.5,151.25,133.75,264.25,218.75,128.75,205,268.25,165.75,120.5,259.25,234.75,177,164.5,165.75
30-11-2022 02:00,,105.25,204,142.3333333,,,,117.75,143,155.5,218.75,193.75,129.75,188,238.25,174.25,118.25,278.5,186.75,167,163.25,141.25
30-11-2022 03:00,,111.5,179.5,149,,,,118.5,176,127,184.25,176.5,131,182.5,197.5,171,119,248,154,163.5,161.25,125.25
30-11-2022 04:00,,108.75,165,142,,,,113.75,154,120.75,167.5,139.75,134,165.5,169,161,117.25,224,153,160.5,158.75,122.25
30-11-2022 05:00,,105,161.5,141.5,,,,112.75,158.25,114.5,165.75,134.25,132.5,137.25,158.5,148.5,120.5,239.5,150.25,159.25,154,107.75
30-11-2022 06:00,,96,166.75,143,,,,118.5,159.75,161.5,198.25,127,134,132.5,159.5,154,120.25,257.5,157.25,169.25,143.25,102
30-11-2022 07:00,,122,,165.6666667,,,,145,205.75,149.25,230.75,139,168.75,,,,165,312.25,164.25,178,146.5,95.75
30-11-2022 08:00,,132.25,,147.75,,,,126.5,216.75,146.75,176.75,167,153.25,,,,159.25,346,182.75,188.75,199,116.5
30-11-2022 09:00,,80,135,101.25,,,,127,210,120,118.25,111.25,162.5,92.75,152,125.5,126.75,269.25,150,172.3333333,210.5,117.75
30-11-2022 10:00,,58.5,,67.5,,,,124,160,89.5,100,88.5,143.5,77.25,113.75,97.25,72,200,122.6666667,162.75,183.75,104
30-11-2022 11:00,,66.25,88.75,64.66666667,,,,96.5,113.25,69,93,97.75,108,89,106,80.25,74.75,156.3333333,89.5,136,135.3333333,96.5
30-11-2022 12:00,,62.25,86,64,,,,79.75,92,83.25,96.33333333,93.25,85.25,88.75,99,84,73.25,147.75,,111.5,116.75,92
30-11-2022 13:00,,58.75,,,,,,,,,84.75,91.5,82,84.25,83.5,79.25,70.25,140.5,,105,112.25,87
30-11-2022 14:00,,55.5,,,,,,,,,76.75,83.75,77.25,83,77.25,71.75,69.5,122.75,,98.25,113,82.75
30-11-2022 15:00,,59,,,,,,,,,75,80,74.5,80.75,76.25,70.25,66.5,120,,100.25,107.3333333,76.5
30-11-2022 16:00,,61.5,,,,,,,,,122.25,69.5,91.75,141.5,83,71.66666667,68.75,118.25,,95,106.25,81
30-11-2022 17:00,,72,110.5,77.5,77.25,98.25,,87.25,85.5,92.75,153.25,70,128.5,103.5,151,97,95.5,138.75,,105,109.25,93.75
30-11-2022 18:00,,85.25,163.5,114.75,84.5,153.5,,99.5,127.75,120,202.75,78.75,108.5,125,232.25,106.25,150.25,,,127,118.25,109
30-11-2022 19:00,,111.5,181,154.5,92.75,271.75,,102.5,200.25,131.25,237.5,106,156.75,142.25,199.25,121.25,157,,,145.25,123.6666667,120.25
30-11-2022 20:00,,115.5,205.25,173.75,117.5,300.25,,117.5,213.5,146,233,142.75,170.25,150.5,208,146.5,203.75,281,,174,121.5,129.25
30-11-2022 21:00,,112.5,225.75,178.5,134.75,343.75,,122.5,236.25,151,241.5,133.25,213,142.5,218.5,162.75,160.5,288.25,,183.5,128,131
30-11-2022 22:00,,125.25,265.75,169.25,143.5,327,,120.5,224.5,140.75,235,140.75,286,144,235,187.5,137,248,,170.5,128.5,125.25
30-11-2022 23:00,,114,224,158.75,146.25,240.5,,100.5,173.25,118.5,203.5,143.5,273.25,153.25,189.5,189.5,131.75,240.5,,162.75,130.25,136.75
